id,title,shelfmark,siglum
123610,"Graz, Universitätsbibliothek, 29 (olim 38/8 f.)",29 (olim 38/8 f.),A-Gu
123611,"Graz, Universitätsbibliothek, 30 (olim 38/9 f.)",30 (olim 38/9 f.),A-Gu
1000103,"Graz, Universitätsbibliothek, MS 756",MS 756,A-Gu
653927,"Graz, Universitätsbibliothek, Ms. 211",Ms. 211,A-Gu
123653,"Klosterneuburg, Augustiner-Chorherrenstift - Bibliothek, CCl 1010",CCl 1010,A-KN
123654,"Klosterneuburg, Augustiner-Chorherrenstift - Bibliothek, CCl 1011",CCl 1011,A-KN
123613,"Klosterneuburg, Augustiner-Chorherrenstift - Bibliothek, CCl 1012",CCl 1012,A-KN
123614,"Klosterneuburg, Augustiner-Chorherrenstift - Bibliothek, CCl 1013",CCl 1013,A-KN
123655,"Klosterneuburg, Augustiner-Chorherrenstift - Bibliothek, CCl 1015",CCl 1015,A-KN
123615,"Klosterneuburg, Augustiner-Chorherrenstift - Bibliothek, CCl 1017",CCl 1017,A-KN
123616,"Klosterneuburg, Augustiner-Chorherrenstift - Bibliothek, CCl 1018",CCl 1018,A-KN
123656,"Klosterneuburg, Augustiner-Chorherrenstift - Bibliothek, CCl 589",CCl 589,A-KN
123660,"Kremsmünster, Benediktiner-Stift Kremsmünster - Musikarchiv, Schachtel VI/258",Schachtel VI/258,A-KR
123617,"Linz, Oberösterreichische Landesbibliothek, 290 (olim 183; olim Gamma p 19)",290 (olim 183; olim Gamma p 19),A-LIb
123658,"Sankt Florian, Augustiner-Chorherrenstift - Bibliothek und Musikarchiv, XI 480",XI 480,A-SF
123643,"Vorau, Stiftsbibliothek, 287 (olim XXIX)",287 (olim XXIX),A-VOR
123644,"Wien, Diözesanarchiv, C-10",C-10,A-Wda
123645,"Wien, Diözesanarchiv, C-11",C-11,A-Wda
123649,"Wien, Diözesanarchiv, D-4",D-4,A-Wda
123667,"Wien, Österreichische Nationalbibliothek - Handschriftensammlung, 1799**",1799**,A-Wn
701515,"Wien, Österreichische Nationalbibliothek, Cod. 1707",Cod. 1707,A-Wn
123713,"Wien, Österreichische Nationalbibliothek - Musiksammlung, Cod. 1890",Cod. 1890,A-Wn
699463,"Wien, Österreichische Nationalbibliothek, Cod. 3672",Cod. 3672,A-Wn
702226,"Wien, Österreichische Nationalbibliothek, Cod. 3841, flyleaf","Cod. 3841, flyleaf",A-Wn
701224,"Wien, Österreichische Nationalbibliothek, Fragm. 1494",Fragm. 1494,A-Wn
701386,"Wien, Österreichische Nationalbibliothek, Fragm. 613",Fragm. 613,A-Wn
123759,"Wien, Österreichische Nationalbibliothek, Mus.Hs.15489",Mus.Hs.15489,A-Wn
123745,"Melbourne, State Library of Victoria, 096.1/R66A (""The Poissy Antiphonal"")","096.1/R66A (""The Poissy Antiphonal"")",AUS-Msl
669163,"Sydney, University of Sydney - Fisher Library - Rare Books & Special Collections, Add. Ms. 413 (olim Add. Ms. Fol.1)",Add. Ms. 413 (olim Add. Ms. Fol.1),AUS-Sfl
1000001,"Sydney, University of Sydney - Fisher Library - Rare Books & Special Collections, Add. Ms. 413, Frag. 1","Add. Ms. 413, Frag. 1",AUS-Sfl
674508,"Sydney, University of Sydney - Fisher Library - Rare Books & Special Collections, Add.Ms. 327",Add.Ms. 327,AUS-Sfl
705671,"Sydney, University of Sydney - Fisher Library - Rare Books & Special Collections, Add.Ms. 327 (front pastedown)",Add.Ms. 327 (front pastedown),AUS-Sfl
705661,"Sydney, University of Sydney - Fisher Library - Rare Books & Special Collections, Add.Ms. 327 (rear pastedown)",Add.Ms. 327 (rear pastedown),AUS-Sfl
674218,"Sydney, University of Sydney - Fisher Library - Rare Books & Special Collections, Add.Ms. 376",Add.Ms. 376,AUS-Sfl
674352,"Sydney, University of Sydney - Fisher Library - Rare Books & Special Collections, Add.Ms. 379",Add.Ms. 379,AUS-Sfl
674790,"Sydney, University of Sydney - Fisher Library - Rare Books and Special Collections, Add.Ms. 380",Add.Ms. 380,AUS-Sfl
715246,"Sydney, State Library New South Wales, SAFE/RB/MSS X001",SAFE/RB/MSS X001,AUS-Ssl
706711,"Averbode, Norbertijnenabdij, IV.413",IV.413,B-AVna
588309,"Dendermonde, Sint-Pieters-en Paulusabdij, ms. 9",ms. 9,B-DEa
702611,"Gent, Universiteitsbibliotheek, Hs BKT.006 (""Tsgrooten Antiphoner"")","Hs BKT.006 (""Tsgrooten Antiphoner"")",B-Gu
123754,"Tongeren, Onze-Lieve-Vrouw-Kerk (Our Lady's Church), 152",152,B-TOb
123664,"Tongeren, Onze-Lieve-Vrouw-Kerk (Our Lady's Church), 63 (olim V)",63 (olim V),B-TOb
123665,"Tongeren, Onze-Lieve-Vrouw-Kerk (Our Lady's Church), 64 (olim IV)",64 (olim IV),B-TOb
702211,"São Leopoldo, UNISINOS Memorial Jesuíta, 330976",330976,BR-SLUN
702208,"São Leopoldo, UNISINOS Memorial Jesuíta, 340723 Front Pastedown",340723 Front Pastedown,BR-SLUN
123723,"Halifax (Canada), St. Mary’s University - Patrick Power Library, M2149.L4 1554",M2149.L4 1554,CDN-Hsmu
123619,"London (ON), University of Western Ontario - Archives and Research Collections Centre (ARCC), M2150",M2150,CDN-Lu
1000021,"London (ON), University of Western Ontario - Archives and Research Collections Centre (ARCC), manuscript MS101 Toswell",manuscript MS101 Toswell,CDN-Lu
710654,"London (ON), University of Western Ontario - Archives and Research Collections Centre (ARCC), no shelf-mark yet",no shelf-mark yet,CDN-Lu
675683,"Montréal, McGill University - Rare Books and Special Collections - Manuscript Collection, MS Medieval 0018",MS Medieval 0018,CDN-Mlr
693397,"Montréal, McGill University - Rare Books and Special Collections - Manuscript Collection, MS Medieval 0020",MS Medieval 0020,CDN-Mlr
691957,"Montréal, McGill University - Rare Books and Special Collections - Manuscript Collection, MS Medieval 0021",MS Medieval 0021,CDN-Mlr
693447,"Montréal, McGill University - Rare Books and Special Collections - Manuscript Collection, MS Medieval 0024",MS Medieval 0024,CDN-Mlr
693486,"Montréal, McGill University - Rare Books and Special Collections - Manuscript Collection, MS Medieval 0025",MS Medieval 0025,CDN-Mlr
693504,"Montréal, McGill University - Rare Books and Special Collections - Manuscript Collection, MS Medieval 0064",MS Medieval 0064,CDN-Mlr
693507,"Montréal, McGill University - Rare Books and Special Collections - Manuscript Collection, MS Medieval 0065",MS Medieval 0065,CDN-Mlr
693510,"Montréal, McGill University - Rare Books and Special Collections - Manuscript Collection, MS Medieval 0072",MS Medieval 0072,CDN-Mlr
680970,"Montréal, McGill University - Rare Books and Special Collections - Manuscript Collection, MS Medieval 0073",MS Medieval 0073,CDN-Mlr
691955,"Montréal, McGill University - Rare Books and Special Collections - Manuscript Collection, MS Medieval 0078",MS Medieval 0078,CDN-Mlr
691953,"Montréal, McGill University - Rare Books and Special Collections - Manuscript Collection, MS Medieval 0080",MS Medieval 0080,CDN-Mlr
693516,"Montréal, McGill University - Rare Books and Special Collections - Manuscript Collection, MS Medieval 0081",MS Medieval 0081,CDN-Mlr
693548,"Montréal, McGill University - Rare Books and Special Collections - Manuscript Collection, MS Medieval 0086",MS Medieval 0086,CDN-Mlr
693551,"Montréal, McGill University - Rare Books and Special Collections - Manuscript Collection, MS Medieval 0087",MS Medieval 0087,CDN-Mlr
693560,"Montréal, McGill University - Rare Books and Special Collections - Manuscript Collection, MS Medieval 0088",MS Medieval 0088,CDN-Mlr
693562,"Montréal, McGill University - Rare Books and Special Collections - Manuscript Collection, MS Medieval 0089",MS Medieval 0089,CDN-Mlr
693565,"Montréal, McGill University - Rare Books and Special Collections - Manuscript Collection, MS Medieval 0092",MS Medieval 0092,CDN-Mlr
693577,"Montréal, McGill University - Rare Books and Special Collections - Manuscript Collection, MS Medieval 0093",MS Medieval 0093,CDN-Mlr
676545,"Montréal, McGill University - Rare Books and Special Collections - Manuscript Collection, MS Medieval 0111",MS Medieval 0111,CDN-Mlr
693578,"Montréal, McGill University - Rare Books and Special Collections - Manuscript Collection, MS Medieval 0169",MS Medieval 0169,CDN-Mlr
693585,"Montréal, McGill University - Rare Books and Special Collections - Manuscript Collection, MS Medieval 0170",MS Medieval 0170,CDN-Mlr
702451,"Montréal, McGill University - Rare Books and Special Collections - Manuscript Collection, MS Medieval 0171",MS Medieval 0171,CDN-Mlr
693590,"Montréal, McGill University - Rare Books and Special Collections - Manuscript Collection, MS Medieval 0172",MS Medieval 0172,CDN-Mlr
693601,"Montréal, McGill University - Rare Books and Special Collections - Manuscript Collection, MS Medieval 0176",MS Medieval 0176,CDN-Mlr
693615,"Montréal, McGill University - Rare Books and Special Collections - Manuscript Collection, MS Medieval 0184",MS Medieval 0184,CDN-Mlr
693636,"Montréal, McGill University - Rare Books and Special Collections - Manuscript Collection, MS Medieval 0186",MS Medieval 0186,CDN-Mlr
693642,"Montréal, McGill University - Rare Books and Special Collections - Manuscript Collection, MS Medieval 0204",MS Medieval 0204,CDN-Mlr
693647,"Montréal, McGill University - Rare Books and Special Collections - Manuscript Collection, MS Medieval 0205",MS Medieval 0205,CDN-Mlr
693648,"Montréal, McGill University - Rare Books and Special Collections - Manuscript Collection, MS Medieval 0206",MS Medieval 0206,CDN-Mlr
693659,"Montréal, McGill University - Rare Books and Special Collections - Manuscript Collection, MS Medieval 0207",MS Medieval 0207,CDN-Mlr
693660,"Montréal, McGill University - Rare Books and Special Collections - Manuscript Collection, MS Medieval 0208",MS Medieval 0208,CDN-Mlr
693666,"Montréal, McGill University - Rare Books and Special Collections - Manuscript Collection, MS Medieval 0209",MS Medieval 0209,CDN-Mlr
693669,"Montréal, McGill University - Rare Books and Special Collections - Manuscript Collection, MS Medieval 0210",MS Medieval 0210,CDN-Mlr
693680,"Montréal, McGill University - Rare Books and Special Collections - Manuscript Collection, MS Medieval 0211",MS Medieval 0211,CDN-Mlr
693689,"Montréal, McGill University - Rare Books and Special Collections - Manuscript Collection, MS Medieval 0212",MS Medieval 0212,CDN-Mlr
693724,"Montréal, McGill University - Rare Books and Special Collections - Manuscript Collection, MS Medieval 0215",MS Medieval 0215,CDN-Mlr
693727,"Montréal, McGill University - Rare Books and Special Collections - Manuscript Collection, MS Medieval 0216",MS Medieval 0216,CDN-Mlr
693732,"Montréal, McGill University - Rare Books and Special Collections - Manuscript Collection, MS Medieval 0217",MS Medieval 0217,CDN-Mlr
693736,"Montréal, McGill University - Rare Books and Special Collections - Manuscript Collection, MS Medieval 0218",MS Medieval 0218,CDN-Mlr
693740,"Montréal, McGill University - Rare Books and Special Collections - Manuscript Collection, MS Medieval 0219",MS Medieval 0219,CDN-Mlr
693748,"Montréal, McGill University - Rare Books and Special Collections - Manuscript Collection, MS Medieval 0220",MS Medieval 0220,CDN-Mlr
693768,"Montréal, McGill University - Rare Books and Special Collections - Manuscript Collection, MS Medieval 0221",MS Medieval 0221,CDN-Mlr
693771,"Montréal, McGill University - Rare Books and Special Collections - Manuscript Collection, MS Medieval 0222",MS Medieval 0222,CDN-Mlr
693792,"Montréal, McGill University - Rare Books and Special Collections - Manuscript Collection, MS Medieval 0231",MS Medieval 0231,CDN-Mlr
678936,"Montréal, McGill University - Rare Books and Special Collections - Manuscript Collection, MS Medieval 0234",MS Medieval 0234,CDN-Mlr
693946,"Montréal, McGill University - Rare Books and Special Collections - Manuscript Collection, MS Medieval 0007",MS Medieval 0237,CDN-Mlr
1000102,"Montréal, McGill University - Rare Books and Special Collections - Manuscript Collection, MS Medieval 0239",MS Medieval 0239,CDN-Mlr
1000105,,MS Medieval 0239 early layer,CDN-Mlr
1000106,,MS Medieval 0239 late layer,CDN-Mlr
666846,"Ottawa, Carleton University - MacOdrum Library - Archives and Research Collection, ms. 1",ms. 1,CDN-Oc
666847,"Ottawa, Carleton University - MacOdrum Library - Archives and Research Collection, ms. 2",ms. 2,CDN-Oc
687359,"Quebec, Séminaire de Québec, Le Paroissien Noté",Le Paroissien Noté,CDN-Qsl
1000020,"St. Catharines (ON), Brock University Library - Archives and Special Collections, RG 394",RG 394,CDN-STCbul
1000025,"St. Catharines (ON), Brock University Library - Archives and Special Collections, RG 396",RG 396,CDN-STCbul
694888,"Toronto, University of Toronto - Thomas Fisher Rare Book Library, MSS 09700",MSS 09700,CDN-Ttfl
706646,"Toronto, Faculty of Music Library, musi MSS 0019",musi MSS 0019,CDN-Tu
700992,"Winnipeg (Manitoba), University of Manitoba Libraries - The Dysart Memorial Collection, MS 1",MS 1,CDN-W
703559,"Waterloo, University of Waterloo – DRAGEN Lab-St Jerome’s University, MS Book A",MS Book A,CDN-WAdl
702547,"Waterloo, University of Waterloo – DRAGEN Lab-St Jerome’s University, MS Medieval 01",MS Medieval 01,CDN-WAdl
703575,"Waterloo, University of Waterloo – DRAGEN Lab-St Jerome’s University, MS Medieval 02",MS Medieval 02,CDN-WAdl
589057,"Waterloo, Wilfrid Laurier University Library, M2142.L2 N6 RB88",M2142.L2 N6 RB88,CDN-WAwlul
710973,"Bourg-Saint-Pierre, Hospice du Grand-Saint-Bernard - Bibliothèque, MS 7",MS 7,CH-BSPh
710710,"Cologny, Fondation Martin Bodmer, Cod. Bodmer 74",Cod. Bodmer 74,CH-CObodmer
123606,"Einsiedeln, Stiftsbibliothek, 611",611,CH-E
666647,"Einsiedeln, Stiftsbibliothek, Codex 121",Codex 121,CH-E
1000101,"Engelberg, Stiftsbibliothek, 1003",1003,CH-EN
1000091,"Engelberg, Stiftsbibliothek, 102",102,CH-EN
1000080,"Engelberg, Stiftsbibliothek, 314",314,CH-EN
123725,"Engelberg, Benediktinerkloster - Stiftsbibliothek, Cod. 103",Cod. 103,CH-ENstb
123672,"Fribourg, Bibliothèque des Cordeliers, Ms. 2",Ms. 2,CH-Fco
675783,"Fribourg, Bibliothèque des Cordeliers, Ms. 9",Ms. 9,CH-Fco
638308,"Porrentruy, Bibliothèque cantonale jurassienne, 18",18,CH-P
701771,"Romont, Abbaye de la Fille-Dieu Romont, Ms. liturg. FiD 1, flyleaves","Ms. liturg. FiD 1, flyleaves",CH-ROM
123750,"Sankt-Gallen, Stiftsbibliothek, 388",388,CH-SGs
123717,"Sankt-Gallen, Stiftsbibliothek, 390",390,CH-SGs
123718,"Sankt-Gallen, Stiftsbibliothek, 391",391,CH-SGs
701188,"Sankt-Gallen, Stiftsbibliothek, Cod. Sang. 340, flyleaf","Cod. Sang. 340, flyleaf",CH-SGs
672485,"Sankt-Gallen, Stiftsbibliothek, Cod. Sang. 359",Cod. Sang. 359,CH-SGs
123731,"Zürich, Zentralbibliothek, Rh. 80",Rh. 80,CH-Zz
123760,"Brno, Moravská zemská knihovna v Brně, Rajhrad 387",Rajhrad 387,CZ-Bu
123746,"Hradec Králové, Muzeum Východních Čech v Hradci Králové, Antiphonary II A 1",Antiphonary II A 1,CZ-HKm
649450,"Prague, Strahovská knihovna (Library of the Royal Canonry of Premonstratensians at Strahov), DE I 7",DE I 7,CZ-Pst
706031,"Prague, Národní knihovna České republiky (National Library), I G 17",I G 17,CZ-Pu
1000107,,VI G 10a,CZ-Pu
123727,"Prague, Národní knihovna České republiky (National Library), VI.E.4c",VI.E.4c,CZ-Pu
1000126,,VII G 16,CZ-Pu
588729,"Prague, University Library, XI C 3",XI C 3,CZ-Pu
1000005,"Prague, University Library, XI C 3",XI C 3,CZ-Pu
123735,"Prague, Národní knihovna České republiky (National Library), XIII.C.4",XIII.C.4,CZ-Pu
123730,"Prague, Národní knihovna České republiky (National Library), XIV.B.13",XIV.B.13,CZ-Pu
123714,"Aachen (Aix-la-Chapelle), Domarchiv, G 20",G 20,D-AAm
123688,"Berlin, Staatsbibliothek Preussischer Kulturbesitz, Mus. 40047",Mus. 40047,D-B
713701,"Berlin, Staatsbibliothek Preussischer Kulturbesitz, Mus. ms. 40 222",Mus. ms. 40 222,D-B
704091,"Bamberg, Staatsbibliothek, Msc.Bibl.79",Msc.Bibl.79,D-BAs
123594,"Bamberg, Staatsbibliothek, Msc.Lit.25 (olim Ed.IV.11)",Msc.Lit.25 (olim Ed.IV.11),D-BAs
588716,"Bamberg, Staatsbibliothek, Msc.Lit.27",Msc.Lit.27,D-BAs
123685,"Fulda, Hessische Landesbibliothek, Aa 55",Aa 55,D-FUl
682632,"Göttingen, Stadtarchiv, AB III 9",AB III 9,D-Gsta
123612,"Karlsruhe, Badische Landesbibliothek - Musiksammlung, Aug. LX",Aug. LX,D-KA
601861,"Köln, Erzbischöfliche Diözesan- und Dombibliothek, 1161",1161,D-KNd
123741,"Köln, Erzbischöfliche Diözesan- und Dombibliothek, 215",215,D-KNd
641834,"Leipzig, Universitätsbibliothek, Rep. I 93",Rep. I 93,D-LEu
123620,"Mainz, Bischöfliches Dom- und Diözesanmuseum, A",A,D-MZb
123621,"Mainz, Bischöfliches Dom- und Diözesanmuseum, B",B,D-MZb
123622,"Mainz, Bischöfliches Dom- und Diözesanmuseum, C",C,D-MZb
123623,"Mainz, Bischöfliches Dom- und Diözesanmuseum, D",D,D-MZb
123624,"Mainz, Bischöfliches Dom- und Diözesanmuseum, E",E,D-MZb
123673,"München, Franziskanerkloster St. Anna - Bibliothek, 12o Cmm 1",12o Cmm 1,D-Ma
123770,"München, Bayerische Staatsbibliothek, Clm 19162",Clm 19162,D-Mbs
123681,"München, Bayerische Staatsbibliothek, Clm 4303",Clm 4303,D-Mbs
123682,"München, Bayerische Staatsbibliothek, Clm 4304",Clm 4304,D-Mbs
123683,"München, Bayerische Staatsbibliothek, Clm 4305",Clm 4305,D-Mbs
123684,"München, Bayerische Staatsbibliothek, Clm 4306",Clm 4306,D-Mbs
1000094,"Munich, Bayerische Staatsbibliothek, Clm. 5539",Clm. 5539,D-Mbs
1000082,"Stuttgart, Württembergische Landesbibliothek, HB I, Asc. 95","HB I, Asc. 95",D-Sl
123637,"Stuttgart, Württembergische Landesbibliothek, HB.I.55",HB.I.55,D-Sl
123757,"Trier, Bistumsarchiv, Abt. 95, Nr. 5","Abt. 95, Nr. 5",D-TRb
651162,"Trier, Stadtbibliothek Weberbach, 1245 / 597 (original)",1245 / 597 (original),D-TRs
662398,"Trier, Stadtbibliothek Weberbach, 1245 / 597 (revised)",1245 / 597 (revised),D-TRs
695170,"Trier, Stadtbibliothek Weberbach, F-2dpf",F-2dpf,D-TRs
695231,"Trier, Stadtbibliothek Weberbach, F-2ggs",F-2ggs,D-TRs
699459,"Trier, Stadtbibliothek Weberbach, F-5rkm",F-5rkm,D-TRs
698177,"Trier, Stadtbibliothek Weberbach, F-661u",F-661u,D-TRs
695901,"Trier, Stadtbibliothek Weberbach, F-6eoa",F-6eoa,D-TRs
699525,"Trier, Stadtbibliothek Weberbach, F-76d5",F-76d5,D-TRs
699521,"Trier, Stadtbibliothek Weberbach, F-7anv",F-7anv,D-TRs
695712,"Trier, Stadtbibliothek Weberbach, F-7cii",F-7cii,D-TRs
696486,"Trier, Stadtbibliothek Weberbach, F-7z72",F-7z72,D-TRs
695960,"Trier, Stadtbibliothek Weberbach, F-82pg",F-82pg,D-TRs
698191,"Trier, Stadtbibliothek Weberbach, F-87fs",F-87fs,D-TRs
699081,"Trier, Stadtbibliothek Weberbach, F-87fs",F-87fs,D-TRs
696381,"Trier, Stadtbibliothek Weberbach, F-8slb",F-8slb,D-TRs
696057,"Trier, Stadtbibliothek Weberbach, F-a00a",F-a00a,D-TRs
699542,"Trier, Stadtbibliothek Weberbach, F-a0yk",F-a0yk,D-TRs
701008,"Trier, Stadtbibliothek Weberbach, F-b2zd",F-b2zd,D-TRs
699082,"Trier, Stadtbibliothek Weberbach, F-byer",F-byer,D-TRs
700999,"Trier, Stadtbibliothek Weberbach, F-c34q",F-c34q,D-TRs
696560,"Trier, Stadtbibliothek Weberbach, F-c8jl",F-c8jl,D-TRs
699102,"Trier, Stadtbibliothek Weberbach, F-chdk",F-chdk,D-TRs
696538,"Trier, Stadtbibliothek Weberbach, F-dsjj",F-dsjj,D-TRs
696548,"Trier, Stadtbibliothek Weberbach, F-dt0m",F-dt0m,D-TRs
699091,"Trier, Stadtbibliothek Weberbach, F-e2zn",F-e2zn,D-TRs
697939,"Trier, Stadtbibliothek Weberbach, F-e57b",F-e57b,D-TRs
696069,"Trier, Stadtbibliothek Weberbach, F-eu4i",F-eu4i,D-TRs
701383,"Trier, Stadtbibliothek Weberbach, F-f0gp",F-f0gp,D-TRs
701370,"Trier, Stadtbibliothek Weberbach, F-g5fs",F-g5fs,D-TRs
699105,"Trier, Stadtbibliothek Weberbach, F-gdjn",F-gdjn,D-TRs
699131,"Trier, Stadtbibliothek Weberbach, F-ge1j",F-ge1j,D-TRs
696570,"Trier, Stadtbibliothek Weberbach, F-ghak",F-ghak,D-TRs
699252,"Trier, Stadtbibliothek Weberbach, F-h16v",F-h16v,D-TRs
701546,"Trier, Stadtbibliothek Weberbach, F-hii0",F-hii0,D-TRs
699139,"Trier, Stadtbibliothek Weberbach, F-impb",F-impb,D-TRs
701493,"Trier, Stadtbibliothek Weberbach, F-irhl",F-irhl,D-TRs
699360,"Trier, Stadtbibliothek Weberbach, F-izjo",F-izjo,D-TRs
696405,"Trier, Stadtbibliothek Weberbach, F-jedx",F-jedx,D-TRs
699349,"Trier, Stadtbibliothek Weberbach, F-k1ip",F-k1ip,D-TRs
701563,"Trier, Stadtbibliothek Weberbach, F-kabt",F-kabt,D-TRs
696077,"Trier, Stadtbibliothek Weberbach, F-lcn7",F-lcn7,D-TRs
696103,"Trier, Stadtbibliothek Weberbach, F-mene",F-mene,D-TRs
696090,"Trier, Stadtbibliothek Weberbach, F-mzph",F-mzph,D-TRs
696411,"Trier, Stadtbibliothek Weberbach, F-n8h3",F-n8h3,D-TRs
696581,"Trier, Stadtbibliothek Weberbach, F-nmyl",F-nmyl,D-TRs
696621,"Trier, Stadtbibliothek Weberbach, F-onwg",F-onwg,D-TRs
696158,"Trier, Stadtbibliothek Weberbach, F-ovo6",F-ovo6,D-TRs
699372,"Trier, Stadtbibliothek Weberbach, F-p6th",F-p6th,D-TRs
696439,"Trier, Stadtbibliothek Weberbach, F-pjh5",F-pjh5,D-TRs
696585,"Trier, Stadtbibliothek Weberbach, F-qwjc",F-qwjc,D-TRs
696260,"Trier, Stadtbibliothek Weberbach, F-rgta",F-rgta,D-TRs
697849,"Trier, Stadtbibliothek Weberbach, F-sjgk",F-sjgk,D-TRs
696485,"Trier, Stadtbibliothek Weberbach, F-svu8",F-svu8,D-TRs
697802,"Trier, Stadtbibliothek Weberbach, F-vwh5",F-vwh5,D-TRs
696244,"Trier, Stadtbibliothek Weberbach, F-vxn8",F-vxn8,D-TRs
696221,"Trier, Stadtbibliothek Weberbach, F-w2xh",F-w2xh,D-TRs
697759,"Trier, Stadtbibliothek Weberbach, F-wr2o",F-wr2o,D-TRs
696226,"Trier, Stadtbibliothek Weberbach, F-wvbj",F-wvbj,D-TRs
695120,"Trier, Stadtbibliothek Weberbach, F-x5ki",F-x5ki,D-TRs
699456,"Trier, Stadtbibliothek Weberbach, F-x6uf",F-x6uf,D-TRs
697528,"Trier, Stadtbibliothek Weberbach, F-xr2h",F-xr2h,D-TRs
697927,"Trier, Stadtbibliothek Weberbach, F-xxns",F-xxns,D-TRs
699387,"Trier, Stadtbibliothek Weberbach, F-yd41",F-yd41,D-TRs
699431,"Trier, Stadtbibliothek Weberbach, F-yp7r",F-yp7r,D-TRs
699443,"Trier, Stadtbibliothek Weberbach, F-yv74",F-yv74,D-TRs
696457,"Trier, Stadtbibliothek Weberbach, F-zsxw",F-zsxw,D-TRs
695071,"Trier, Stadtbibliothek Weberbach, Fragmentenbox 12b, 01-22, no. 2b-bis","Fragmentenbox 12b, 01-22, no. 2b-bis",D-TRs
697904,"Trier, Stadtbibliothek Weberbach, Fragmentenbox 12b, 23-42, no. 42b","Fragmentenbox 12b, 23-42, no. 42b",D-TRs
699507,"Trier, Stadtbibliothek Weberbach, Fragmentenbox 12b, Fragment 01-22  no 13b","Fragmentenbox 12b, Fragment 01-22  no 13b",D-TRs
699474,"Trier, Stadtbibliothek Weberbach, Fragmentenbox 12b, Fragment 01-22, no. 14b","Fragmentenbox 12b, Fragment 01-22, no. 14b",D-TRs
698165,"Trier, Stadtbibliothek Weberbach, Fragmentenbox 12b, Fragment 23-42, 26b","Fragmentenbox 12b, Fragment 23-42, 26b",D-TRs
697865,"Trier, Stadtbibliothek Weberbach, Fragmentenbox 12b, Fragment 23-42, no. 40b","Fragmentenbox 12b, Fragment 23-42, no. 40b",D-TRs
695128,"Trier, Stadtbibliothek Weberbach, Fragmentenbox 12b, Fragment 43-71 no. 64b","Fragmentenbox 12b, Fragment 43-71 no. 64b",D-TRs
696351,"Trier, Stadtbibliothek Weberbach, Fragmentenbox 12c, Fragment 1-9, no. 2c","Fragmentenbox 12c, Fragment 1-9, no. 2c",D-TRs
696271,"Trier, Stadtbibliothek Weberbach, Fragmentenbox 12c, Fragment 1-9, no.7c","Fragmentenbox 12c, Fragment 1-9, no.7c",D-TRs
695279,"Trier, Stadtbibliothek Weberbach, MS F-4ij3",MS F-4ij3,D-TRs
123716,"Wolfenbüttel, Herzog August Bibliothek, Cod. Guelf. 28 Helmst. (Heinemann-Nr. 31)",Cod. Guelf. 28 Helmst. (Heinemann-Nr. 31),D-W
123715,"Wolfenbüttel, Herzog August Bibliothek, Cod. Guelf. 29 Helmst. (Heinemann-Nr. 32)",Cod. Guelf. 29 Helmst. (Heinemann-Nr. 32),D-W
588308,"Wiesbaden, Hochschul- und Landesbibliothek RheinMain, 2 (Riesencodex)",2 (Riesencodex),D-WIl
676971,"Wiesbaden, Hochschul- und Landesbibliothek RheinMain, 2 (Riesencodex), detached lower pastedown","2 (Riesencodex), detached lower pastedown",D-WIl
702501,"Wiesbaden, Hochschul- und Landesbibliothek RheinMain, 2 (Riesencodex), detached upper pastedown","2 (Riesencodex), detached upper pastedown",D-WIl
1000022,"København (Copenhagen), Det kongelige Bibliotek Slotsholmen, Fragm. 2160",Fragm. 2160,DK-Kk
1000023,"København (Copenhagen), Det kongelige Bibliotek Slotsholmen, Fragm. 2161",Fragm. 2161,DK-Kk
1000024,"København (Copenhagen), Det kongelige Bibliotek Slotsholmen, Fragm. 2162",Fragm. 2162,DK-Kk
123690,"København (Copenhagen), Det kongelige Bibliotek Slotsholmen, Gl. Kgl. S. 3449 8o [02] II",Gl. Kgl. S. 3449 8o [02] II,DK-Kk
123691,"København (Copenhagen), Det kongelige Bibliotek Slotsholmen, Gl. Kgl. S. 3449 8o [03] III",Gl. Kgl. S. 3449 8o [03] III,DK-Kk
123692,"København (Copenhagen), Det kongelige Bibliotek Slotsholmen, Gl. Kgl. S. 3449 8o [04] IV",Gl. Kgl. S. 3449 8o [04] IV,DK-Kk
123693,"København (Copenhagen), Det kongelige Bibliotek Slotsholmen, Gl. Kgl. S. 3449 8o [05] V",Gl. Kgl. S. 3449 8o [05] V,DK-Kk
123694,"København (Copenhagen), Det kongelige Bibliotek Slotsholmen, Gl. Kgl. S. 3449 8o [06] VI",Gl. Kgl. S. 3449 8o [06] VI,DK-Kk
123695,"København (Copenhagen), Det kongelige Bibliotek Slotsholmen, Gl. Kgl. S. 3449 8o [07] VII",Gl. Kgl. S. 3449 8o [07] VII,DK-Kk
123696,"København (Copenhagen), Det kongelige Bibliotek Slotsholmen, Gl. Kgl. S. 3449 8o [08] VIII",Gl. Kgl. S. 3449 8o [08] VIII,DK-Kk
123697,"København (Copenhagen), Det kongelige Bibliotek Slotsholmen, Gl. Kgl. S. 3449 8o [09] IX",Gl. Kgl. S. 3449 8o [09] IX,DK-Kk
123698,"København (Copenhagen), Det kongelige Bibliotek Slotsholmen, Gl. Kgl. S. 3449 8o [10] X",Gl. Kgl. S. 3449 8o [10] X,DK-Kk
123699,"København (Copenhagen), Det kongelige Bibliotek Slotsholmen, Gl. Kgl. S. 3449 8o [11] XI",Gl. Kgl. S. 3449 8o [11] XI,DK-Kk
123700,"København (Copenhagen), Det kongelige Bibliotek Slotsholmen, Gl. Kgl. S. 3449 8o [12] XII",Gl. Kgl. S. 3449 8o [12] XII,DK-Kk
123701,"København (Copenhagen), Det kongelige Bibliotek Slotsholmen, Gl. Kgl. S. 3449 8o [13] XIII",Gl. Kgl. S. 3449 8o [13] XIII,DK-Kk
123702,"København (Copenhagen), Det kongelige Bibliotek Slotsholmen, Gl. Kgl. S. 3449 8o [14] XIV",Gl. Kgl. S. 3449 8o [14] XIV,DK-Kk
123703,"København (Copenhagen), Det kongelige Bibliotek Slotsholmen, Gl. Kgl. S. 3449 8o [15] XV",Gl. Kgl. S. 3449 8o [15] XV,DK-Kk
123704,"København (Copenhagen), Det kongelige Bibliotek Slotsholmen, Gl. Kgl. S. 3449 8o [16] XVI",Gl. Kgl. S. 3449 8o [16] XVI,DK-Kk
123705,"København (Copenhagen), Det kongelige Bibliotek Slotsholmen, Gl. Kgl. S. 3449 8o [17] XVII",Gl. Kgl. S. 3449 8o [17] XVII,DK-Kk
123689,"København (Copenhagen), Det kongelige Bibliotek Slotsholmen, Gl. Kgl. S. 3449, 8o [01] I","Gl. Kgl. S. 3449, 8o [01] I",DK-Kk
123636,"Salamanca, Catedral - Archivo Musical, 5",5,E-SA
123650,"Salamanca, Catedral - Archivo Musical, 6",6,E-SA
123651,"Salamanca, Catedral - Archivo Musical, 7",7,E-SA
123652,"Salamanca, Catedral - Archivo Musical, 8",8,E-SA
123638,"Toledo, Catedral - Archivo y Biblioteca Capitulares, 44.1",44.1,E-Tc
123639,"Toledo, Catedral - Archivo y Biblioteca Capitulares, 44.2",44.2,E-Tc
1000014,"Zamora, Archivo Histórico Provincial de Zamora, AHP 'Book 1'",AHP 'Book 1',E-ZAahp
669907,"Quito, Iglesia de San Francisco - Archivo, 18P16",18P16,EC-Qsf
672452,"Quito, Iglesia de San Francisco - Archivo, 4",4,EC-Qsf
673703,"Quito, Iglesia de San Francisco - Archivo, 8",8,EC-Qsf
123679,"Albi, Bibliothèque municipale Rochegude, 44",44,F-AI
123593,"Arras, Mediathèque de l'Abbaye Saint-Vaast, 465 (CGM 893)",465 (CGM 893),F-AS
123601,"Cambrai, Bibliothèque municipale, 38 (olim 40)",38 (olim 40),F-CA
123602,"Cambrai, Bibliothèque municipale, Impr. XVI C 4",Impr. XVI C 4,F-CA
672072,"Grenoble, Bibliothèque Municipale, ms. 867 (91)",ms. 867 (91),F-G
1000011,"Orléans, Bibliothèque municipale, Ms. 64 (61)",Ms. 64 (61),F-O
675815,"Paris, Bibliothèque Nationale de France, 12054",12054,F-Pn
123663,"Paris, Bibliothèque nationale de France - Département des Manuscrits, Latin 1085",Latin 1085,F-Pn
123627,"Paris, Bibliothèque nationale de France - Département des Manuscrits, Latin 1090",Latin 1090,F-Pn
676377,"Paris, Bibliothèque nationale de France - Département des manuscrits, Latin 1112",Latin 1112,F-Pn
701002,"Paris, Bibliothèque nationale de France, Latin 11411, ff. 37-38","Latin 11411, ff. 37-38",F-Pn
123628,"Paris, Bibliothèque nationale de France - Département des Manuscrits, Latin 12044",Latin 12044,F-Pn
123629,"Paris, Bibliothèque nationale de France - Département des Manuscrits, Latin 1240",Latin 1240,F-Pn
123630,"Paris, Bibliothèque nationale de France - Département des Manuscrits, Latin 12601",Latin 12601,F-Pn
123631,"Paris, Bibliothèque nationale de France - Département des Manuscrits, Latin 15181",Latin 15181,F-Pn
123632,"Paris, Bibliothèque nationale de France - Département des Manuscrits, Latin 15182",Latin 15182,F-Pn
664930,"Paris, Bibliothèque Nationale de France, Latin 776",Latin 776,F-Pn
666639,"Paris, Bibliothèque nationale de France - Département des Manuscrits, Latin 776",Latin 776,F-Pn
674721,"Paris, Bibliothèque Nationale de France, Latin 8884",Latin 8884,F-Pn
672486,"Paris, Bibliothèque nationale de France - Département des manuscrits, Latin 943",Latin 943,F-Pn
701050,"Paris, Bibliothèque nationale de France, Latin 9488, ff. 33-37","Latin 9488, ff. 33-37",F-Pn
702113,"Paris, Bibliothèque nationale de France, Latin 9488, ff.42-45","Latin 9488, ff.42-45",F-Pn
666487,"Paris, Bibliothèque nationale de France, Ms. lat. 776  (olim Colbert 873 ; Regius 3661)",Ms. lat. 776  (olim Colbert 873 ; Regius 3661),F-Pn
123677,"Paris, Bibliothèque nationale de France - Département des manuscrits, NAL 1411",NAL 1411,F-Pn
123678,"Paris, Bibliothèque nationale de France - Département des Manuscrits, NAL 1412",NAL 1412,F-Pn
123633,"Paris, Bibliothèque nationale de France - Département des Manuscrits, NAL 1535",NAL 1535,F-Pn
698765,"Paris, Bibliothèque nationale de France, NAL 2318, ff. 79-80","NAL 2318, ff. 79-80",F-Pn
697918,"Paris, Bibliothèque nationale de France - Département des manuscrits, NAL 2444, f. 50","NAL 2444, f. 50",F-Pn
706887,"Paris, Bibliothèque nationale de France, NAL 2444, f.60","NAL 2444, f.60",F-Pn
698216,"Paris, Bibliothèque nationale de France - Département des manuscrits, NAL 2444, ff. 1-2","NAL 2444, ff. 1-2",F-Pn
698701,"Paris, Bibliothèque nationale de France, NAL 2444, ff. 21-24","NAL 2444, ff. 21-24",F-Pn
701044,"Paris, Bibliothèque nationale de France, NAL 2444, ff. 32-33","NAL 2444, ff. 32-33",F-Pn
698647,"Paris, Bibliothèque nationale de France, NAL 2444, ff. 53-55","NAL 2444, ff. 53-55",F-Pn
697990,"Paris, Bibliothèque nationale de France, NAL 2444, ff. 7-8, 62-65","NAL 2444, ff. 7-8, 62-65",F-Pn
698356,"Paris, Bibliothèque nationale de France, NAL 2444, ff. 9-13","NAL 2444, ff. 9-13",F-Pn
699214,"Paris, Bibliothèque nationale de France, NAL 2482, f. 5","NAL 2482, f. 5",F-Pn
702228,"Paris, Bibliothèque nationale de France, NAL 2482, ff. 7-16","NAL 2482, ff. 7-16",F-Pn
123662,"Rouen, Bibliothèque municipale, 248 (olim  A. 339)",248 (olim  A. 339),F-R
620437,"Solesmes, Abbaye de Saint-Pierre, 596 (The Wilton Processional)",596 (The Wilton Processional),F-SO
123747,"Troyes, Bibliothèque municipale, 571",571,F-T
123640,"Tours, Bibliothèque municipale, 149",149,F-TOm
123642,"Valenciennes, Bibliothèque municipale, 114",114,F-VAL
714807,"Helsinki, National Library, F.m.I.17",F.m.I.17,FIN-Hy
1000066,"Helsinki, National Library, F.m.I.234",F.m.I.234,FIN-Hy
1000042,"Helsinki, National Library, F.m.I.240",F.m.I.240,FIN-Hy
1000041,"Helsinki, National Library, F.m.I.242",F.m.I.242,FIN-Hy
1000043,"Helsinki, National Library, F.m.I.243",F.m.I.243,FIN-Hy
1000067,"Helsinki, National Library, F.m.I.244",F.m.I.244,FIN-Hy
1000045,"Helsinki, National Library, F.m.I.248",F.m.I.248,FIN-Hy
1000046,"Helsinki, National Library, F.m.I.250",F.m.I.250,FIN-Hy
1000051,"Helsinki, National Library, F.m.I.251",F.m.I.251,FIN-Hy
1000052,"Helsinki, National Library, F.m.I.252",F.m.I.252,FIN-Hy
1000065,"Helsinki, National Library, F.m.I.254",F.m.I.254,FIN-Hy
711225,"Helsinki, National Library, F.m.I.26",F.m.I.26,FIN-Hy
711204,"Helsinki, National Library, F.m.I.29",F.m.I.29,FIN-Hy
712830,"Helsinki, National Library, F.m.I.85",F.m.I.85,FIN-Hy
1000012,"Helsinki, National Library, F.m.I.86",F.m.I.86,FIN-Hy
711232,"Helsinki, National Library, F.m.II.44",F.m.II.44,FIN-Hy
714693,"Helsinki, National Library, F.m.IV.132",F.m.IV.132,FIN-Hy
711223,"Helsinki, National Library, MS A.ö.II.41",MS A.ö.II.41,FIN-Hy
123592,"Aberystwyth, Llyfrgell Genedlaethol Cymru (National Library of Wales), 20541 E",20541 E,GB-AB
674988,"Cambridge, Corpus Christi College, MS. 146",MS. 146,GB-Ccc
1000017,"Cambridge, Fitzwilliam Museum, MS 369",MS 369,GB-Cfm
123603,"Cambridge, University Library, Mm.ii.9",Mm.ii.9,GB-Cu
710370,"Leeds, Central Library, F-njql",F-njql,GB-LEc
710572,"Leeds, Central Library, F-rc2m",F-rc2m,GB-LEc
705175,"Liverpool, Liverpool University Library Special Collections & Archives, Inc.P12/C Antiphoner",Inc.P12/C Antiphoner,GB-LVu
702624,"Liverpool, Liverpool University Library Special Collections & Archives, MS.Ed.7-10",MS.Ed.7-10,GB-LVu
637892,"London, British Library, Additional 23935",Additional 23935,GB-Lbl
673643,"London, British Library, Additional Collection, MS. 57337","Additional Collection, MS. 57337",GB-Lbl
1000015,"London, British Library, Additional MSS 43405 and 43406",Additional MSS 43405 and 43406,GB-Lbl
123668,"London, British Library, printed book IB.6753 (Augsburg Antiphoner 1495, olim AA Impr. 1495)","printed book IB.6753 (Augsburg Antiphoner 1495, olim AA Impr. 1495)",GB-Lbl
712829,"Newcastle upon Tyne, Philip Robinson Library, ROB405",ROB405,GB-NTu
123687,"Oxford, Bodleian Library, MS. Canon. Liturg. 202",MS. Canon. Liturg. 202,GB-Ob
680956,"Oxford, Bodleian Library, MS. Lat. liturg. b. 14",MS. Lat. liturg. b. 14,GB-Ob
709880,"Oxford, Bodleian Library, MS. Lat. liturg. e. 13",MS. Lat. liturg. e. 13,GB-Ob
123707,"Oxford, Bodleian Library, MS. Laud Misc. 284",MS. Laud Misc. 284,GB-Ob
711344,"Oxford, Jesus College, MS. 4",MS. 4,GB-Ojec
123646,"Worcester, Cathedral - Music Library, F.160 (olim 1247) (facsimile)",F.160 (olim 1247) (facsimile),GB-WO
123647,"Worcester, Cathedral - Music Library, F.160 (olim 1247) (with hymnal)",F.160 (olim 1247) (with hymnal),GB-WO
702575,"Budapest, Magyar Tudományos Akadémia Könyvtár és Információs Központ, T 174",T 174,H-Ba
123597,"Budapest, Egyetemi Könyvtár (University Library), lat. 118",lat. 118,H-Bu
123598,"Budapest, Egyetemi Könyvtár (University Library), lat. 119",lat. 119,H-Bu
123599,"Budapest, Egyetemi Könyvtár (University Library), lat. 121",lat. 121,H-Bu
123600,"Budapest, Egyetemi Könyvtár (University Library), lat. 122",lat. 122,H-Bu
123737,"Dubrovnik, Franjevacki samostan, Codex Badija III",Codex Badija III,HR-Dsmbb
123738,"Dubrovnik, Franjevacki samostan, Codex Badija V",Codex Badija V,HR-Dsmbb
123739,"Dubrovnik, Franjevacki samostan, Codex Badija X",Codex Badija X,HR-Dsmbb
123740,"Dubrovnik, Franjevacki samostan, Codex Badija XI",Codex Badija XI,HR-Dsmbb
123719,"Dubrovnik, Franjevački Samostan (Franciscan Monastery), Cod. C Nr. 4",Cod. C Nr. 4,HR-Hf
123720,"Dubrovnik, Franjevački Samostan (Franciscan Monastery), Cod. D Nr. 5",Cod. D Nr. 5,HR-Hf
123721,"Dubrovnik, Franjevački Samostan (Franciscan Monastery), Cod. E Nr. 3",Cod. E Nr. 3,HR-Hf
123722,"Dubrovnik, Franjevački Samostan (Franciscan Monastery), Cod. F Nr. 6",Cod. F Nr. 6,HR-Hf
691025,"Zagreb, Metropolitanska Knjižnica, MR 72",MR 72,HR-Zmk
123666,"Aosta, Seminario Maggiore - Biblioteca, 6",6,I-AO
1000078,"Aosta, Biblioteca del Seminario Maggiore, Cod. 11",Cod. 11,I-AO
1000079,"Aosta, Biblioteca del Seminario Maggiore, Cod. 13",Cod. 13,I-AO
123670,"Assisi, Biblioteca Comunale, 693",693,I-Ac
123669,"Assisi, Biblioteca Comunale, 694",694,I-Ac
123675,"Assisi, Cattedrale San Rufino - Archivio e Biblioteca, 5",5,I-Ad
123595,"Benevento, Biblioteca capitolare, V 19",V 19,I-BV
123596,"Benevento, Biblioteca capitolare, V 20",V 20,I-BV
1000077,"Cividale, Museo Archeologico Nazionale, LVI",LVI,I-CFm
123604,"Chiavenna, Tesoro della Collegiata di S. Lorenzo - Museo Capitolare, s.c.",s.c.,I-CHV
123607,"Firenze (Florence), Arcivescovado - Biblioteca, s.c.",s.c.,I-Far
123608,"Firenze (Florence), Biblioteca Medicea-Laurenziana, Conv. sopp. 560",Conv. sopp. 560,I-Fl
123680,"Lucca, Biblioteca Capitolare Feliniana e Biblioteca Arcivescovile, 601",601,I-Lc
671867,"Lucca, Biblioteca Arcivescovile, MS 5",MS 5,I-Lcr
123625,"Montecassino, Monumento Nazionale di Montecassino - Biblioteca, 542",542,I-MC
123626,"Monza, Biblioteca capitolare, 15/79",15/79,I-MZ
712326,"Naples, Biblioteca Nazionale Vittorio Emanuele III, VI.g.38",VI.g.38,I-Nn
712790,"Naples, Biblioteca Nazionale Vittorio Emanuele III, XVI AA 39",XVI AA 39,I-Nn
123674,"Naples, Biblioteca Nazionale Vittorio Emanuele III, vi. E. 20",vi. E. 20,I-Nn
123634,"Piacenza, Archivio e Biblioteca Capitolare della Cattedrale, cod. 65",cod. 65,I-PCd
690764,"Padova, Biblioteca Capitolare, B16*",B16*,I-Pc
672573,"Padova, Biblioteca Capitolare, MS C.55",MS C.55,I-Pc
690740,"Padova, Biblioteca del Seminario vescovile, 697",697,I-Ps
674599,"Rome, Santa Sabina - Archivum Generale Ordinis Praedicatorum, XIV L1",XIV L1,I-Rss
123755,"Rome, Santa Sabina - Archivum Generale Ordinis Praedicatorum, XIV L1 (""Humbert"" codex)","XIV L1 (""Humbert"" codex)",I-Rss
123635,"Roma, Biblioteca Vallicelliana, C.5",C.5,I-Rv
701804,"Schio, Biblioteca Civica, cod. 10 (E)",cod. 10 (E),I-SCHc
674494,"Udine, Biblioteca del Seminario Arcivescovile, Codice 7",Codice 7,I-UDs
123766,"Vercelli, Biblioteca Capitolare, CLXX",CLXX,I-VCd
123758,"Vercelli, Biblioteca Capitolare, LXII",LXII,I-VCd
123763,"Vercelli, Biblioteca Capitolare, LXIV",LXIV,I-VCd
123762,"Vercelli, Biblioteca Capitolare, LXX",LXX,I-VCd
123765,"Vercelli, Biblioteca Capitolare, LXXIX",LXXIX,I-VCd
123764,"Vercelli, Biblioteca Capitolare, XXXVII",XXXVII,I-VCd
689850,"Venezia, Biblioteca della Fondazione Ugo e Olga Levi “Gianni Milner”, CF D 21",CF D 21,I-Vlevi
1000035,"Venezia, Biblioteca Nazionale Marciana, RARI VEN. 709",RARI VEN. 709,I-Vnm
1000037,"Venezia, Biblioteca Nazionale Marciana, Rari Ven. 710-713",Rari Ven. 710-713,I-Vnm
1000036,"Venezia, Biblioteca Nazionale Marciana, Rari Ven. 711",Rari Ven. 711,I-Vnm
701895,"Dublin, Royal Society of Antiquaries of Ireland, Box 41 #38",Box 41 #38,IRL-Dsa
1000104,Trinity College Dublin,78,IRL-Dtc
1000096,"Oslo, Norwegian Riks Arkivet, Ms.lat.fragm. 11 Antiphonarium",Ms.lat.fragm. 11 Antiphonarium,N-Ora
1000095,"Oslo, Norwegian Riks Arkivet, Ms.lat.fragm. 15",Ms.lat.fragm. 15,N-Ora
123657,"Den Haag, Koninklije Bibliotheek, 70 E 4",70 E 4,NL-DHk
666893,"Den Haag, Koninklije Bibliotheek, 76 E 18",76 E 18,NL-DHk
123641,"Utrecht, Universiteitsbibliotheek, Ms. 406 (shelfmark 3 J 7)",Ms. 406 (shelfmark 3 J 7),NL-Uu
123753,"Utrecht, Universiteitsbibliotheek, Ms. fr. 4.3",Ms. fr. 4.3,NL-Uu
123648,"Zutphen, Stadsarchief en Stedelijke Bibliotheek, 6",6,NL-ZUa
599679,"Wellington (New Zealand), The Alexander Turnbull Library - Rare Books, MSR-03",MSR-03,NZ-Wt
123726,"Braga, Biblioteca Pública, 1",1,P-BRp
123734,"Braga, Biblioteca Pública, ADB 949 (Braga Codex)",ADB 949 (Braga Codex),P-BRp
123732,"Braga, Arquivo da Sé, 18",18,P-BRs
123728,"Braga, Arquivo da Sé, 23",23,P-BRs
123752,"Braga, Arquivo da Sé, Antiphoner from the Cathedral of Braga, nº32","Antiphoner from the Cathedral of Braga, nº32",P-BRs
123749,"Coimbra, Biblioteca Geral da Universidade, MM45",MM45,P-Cug
123729,"Lamego, Arquivo da Sé, 1084 4-b",1084 4-b,P-LA
123591,"Porto, Biblioteca Municipal, 1151",1151,P-Pm
123736,"Kielce, Biblioteka Kapituły Katedralnej, Ms. 1",Ms. 1,PL-KIk
123686,"Kraków, Klastor OO. Karmelitów na Piasku (Carmelite Convent), Ms.1 (rkp. Perg. 12)",Ms.1 (rkp. Perg. 12),PL-Kkar
123708,"Kraków, Klastor OO. Karmelitów na Piasku (Carmelite Convent), Ms.2 (rkp. Perg. 14)",Ms.2 (rkp. Perg. 14),PL-Kkar
123709,"Kraków, Klastor OO. Karmelitów na Piasku (Carmelite Convent), Ms.3 (rkp. Perg. 15)",Ms.3 (rkp. Perg. 15),PL-Kkar
123710,"Kraków, Klastor OO. Karmelitów na Piasku (Carmelite Convent), Ms.4 (rkp. Perg. 20)",Ms.4 (rkp. Perg. 20),PL-Kkar
123711,"Kraków, Klastor OO. Karmelitów na Piasku (Carmelite Convent), Ms.5 (rkp. Perg. 13)",Ms.5 (rkp. Perg. 13),PL-Kkar
589069,"Wroclaw, Biblioteka Uniwersytecka, I F 401",I F 401,PL-WRu
123756,"Wroclaw, Biblioteka Uniwersytecka, Ms. R 503",Ms. R 503,PL-WRu
123712,"Wrocław, Zakład Narodowy im. Ossolińskich - Biblioteka, Rkp. 12025/IV",Rkp. 12025/IV,PL-WRzno
702510,"Cluj-Napoca, Biblioteca Academiei Române, BMV R.12",BMV R.12,RO-Ca
700994,"Cluj-Napoca, Biblioteca Academiei Române, F. 45047",F. 45047,RO-Ca
1000069,"Umeå, University Library, Ink. 4",Ink. 4,S-UMsdl
1000068,"Umeå, University Library, Östergren F 00648: 1-3",Östergren F 00648: 1-3,S-UMsdl
123618,"Ljubljana, Nadškofijski arhiv (Archiepiscopal Archives), 18 (olim 17)",18 (olim 17),SI-Lna
123659,"Ljubljana, Nadškofijski arhiv (Archiepiscopal Archives), 19 (olim 18)",19 (olim 18),SI-Lna
123742,"Bratislava, Archív hlavného mesta SR Bratislavy, EC Lad. 4, ba (Bratislava Antiphonary IIb)","EC Lad. 4, ba (Bratislava Antiphonary IIb)",SK-BRm
1000040,"New Taipei City, Fu Jen University, Book 1, Test - Chinese Catholic Plainchant","Book 1, Test - Chinese Catholic Plainchant",T-NTCfj
123706,"Istanbul, Topkapı Sarayı Müzesi, Deissmann 42",Deissmann 42,TR-Itks
709973,"Austin, Harry Ransom Center, 21",21,US-AUS
673035,"Austin, Harry Ransom Center, HRC 13",HRC 13,US-AUS
710075,"Austin, Harry Ransom Center, HRC 145",HRC 145,US-AUS
673084,"Austin, Harry Ransom Center, HRC Leaf A29",HRC Leaf A29,US-AUS
672574,"Austin, Harry Ransom Center, HRC Leaf A36",HRC Leaf A36,US-AUS
672993,"Austin, Harry Ransom Center, HRC Leaf A37",HRC Leaf A37,US-AUS
673018,"Austin, Harry Ransom Center, HRC Leaf A38",HRC Leaf A38,US-AUS
673021,"Austin, Harry Ransom Center, HRC Leaf A39",HRC Leaf A39,US-AUS
673031,"Austin, Harry Ransom Center, HRC Leaf A40",HRC Leaf A40,US-AUS
710074,"Austin, Harry Ransom Center, Leaf A 29",Leaf A 29,US-AUS
1000026,"Austin, Harry Ransom Center, Leaf A 30",Leaf A 30,US-AUS
1000038,"Austin, Harry Ransom Center, Leaf A 30",Leaf A 30,US-AUS
638296,"Augusta (GA), Augusta-Richmond County Library, GR/MS.020",GR/MS.020,US-Augusta
702358,"Baltimore, Walters Art Museum, W 759",W 759,US-BAw
702359,"Baltimore, Walters Art Museum, W 760",W 760,US-BAw
588733,"Bryn Mawr, Bryn Mawr College Special Collection, 50",50,US-BM
712970,"Boston, Boston Public Library, RARE BKS MS pb Med. 156",RARE BKS MS pb Med. 156,US-Bpr
712976,"Cambridge (MA), Harvard University - Houghton Library, MS typ 963",MS typ 963,US-CAh
656252,"Chestnut Hill (MA), Boston College University Libraries - John J. Burns Library, MS.1996.097",MS.1996.097,US-CHNbcbl
701328,"Conception (MO), Conception Abbey and Seminary - Special Collections,  CA 02",CA 02,US-CON
701335,"Conception (MO), Conception Abbey and Seminary - Special Collections,  CA 04",CA 04,US-CON
701081,"Conception (MO), Conception Abbey and Seminary - Special Collections,  CA 06",CA 06,US-CON
701096,"Conception (MO), Conception Abbey and Seminary - Special Collections,  CA 07",CA 07,US-CON
701107,"Conception (MO), Conception Abbey and Seminary - Special Collections,  CA 09",CA 09,US-CON
701209,"Conception (MO), Conception Abbey and Seminary - Special Collections,  CA 12",CA 12,US-CON
701618,"Conception (MO), Conception Abbey and Seminary - Special Collections,  CA 13",CA 13,US-CON
701637,"Conception (MO), Conception Abbey and Seminary - Special Collections,  CA 14",CA 14,US-CON
701871,"Conception (MO), Conception Abbey and Seminary - Special Collections,  CA 15",CA 15,US-CON
701917,"Conception (MO), Conception Abbey and Seminary - Special Collections,  CA 16",CA 16,US-CON
701937,"Conception (MO), Conception Abbey and Seminary - Special Collections,  CA 17",CA 17,US-CON
701971,"Conception (MO), Conception Abbey and Seminary - Special Collections,  CA 18",CA 18,US-CON
701991,"Conception (MO), Conception Abbey and Seminary - Special Collections,  CA 22",CA 22,US-CON
702005,"Conception (MO), Conception Abbey and Seminary - Special Collections,  CA 23",CA 23,US-CON
701262,"Conception (MO), Conception Abbey and Seminary - Special Collections,  CA 24",CA 24,US-CON
702061,"Conception (MO), Conception Abbey and Seminary - Special Collections,  CA 33",CA 33,US-CON
710076,"College Park, Booklab at University of Maryland, 9 (nzi0)",9 (nzi0),US-CPbl
1000076,"College Park (USA), University of Maryland - Michelle Smith Performing Arts Library, s.n.",s.n.,"US-CPpa,"
669030,"Chicago, Art Institute of Chicago - Mrs. William E. Kelley Collection, 1911.142b",1911.142b,US-Cai
123671,"Chicago, The Newberry Library, 24",24,US-Cn
1000060,"Denton (USA), UNT College of Music Special Collections, D-03e8a",D:03e8a,US-DN
1000058,"Denton (USA), UNT College of Music Special Collections, D-0aehq",D:0aehq,US-DN
1000062,"Denton (USA), UNT College of Music Special Collections, D-0i04c",D:0i04c,US-DN
1000061,"Denton (USA), UNT College of Music Special Collections, D-0pkgx",D:0pkgx,US-DN
1000059,"Denton (USA), UNT College of Music Special Collections, D-0qcjh",D:0qcjh,US-DN
1000049,"Hanover (NH), Dartmouth College Library - Rare Books, BX1876 .M37 1550",BX1876 .M37 1550,US-HArscl
680241,"Hanover (NH), Dartmouth College Library - Rare Books, Rauner Codex MS 003203",Rauner Codex MS 003203,US-HArscl
1000047,"Hanover (NH), Dartmouth College Library - Rare Books, Rauner Incunabula 106",Rauner Incunabula 106,US-HArscl
1000048,"Hanover (NH), Dartmouth College Library - Rare Books, Rauner Incunabula 162",Rauner Incunabula 162,US-HArscl
711199,"Iowa City, University of Iowa Rita Benton Music Library Rare Book Room, M2149.6 1475",M2149.6 1475,US-IO
712836,"Iowa City, University of Iowa Libraries Special Collections and Archives, MSC0542, xMMS.Po1","MSC0542, xMMS.Po1",US-IOspca
699262,"Kansas City (MO), University of Missouri-Kansas City - LaBudde Special Collections - Miller Nichols Library, M2147.C53 1500z",M2147.C53 1500z,US-KClbsc
710152,"Kansas City (MO), University of Missouri-Kansas City - LaBudde Special Collections - Miller Nichols Library, M2149.2 .V4 1629",M2149.2 .V4 1629,US-KClbsc
711115,"Kansas City (MO), University of Missouri-Kansas City - LaBudde Special Collections - Miller Nichols Library, MS 0285 - 5",MS 0285 - 5,US-KClbsc
711439,"Kansas City (MO), University of Missouri-Kansas City - LaBudde Special Collections - Miller Nichols Library, MS 0285 Object 1",MS 0285 Object 1,US-KClbsc
711113,"Kansas City (MO), University of Missouri-Kansas City - LaBudde Special Collections - Miller Nichols Library, MS 0285 Object 2",MS 0285 Object 2,US-KClbsc
711440,"Kansas City (MO), University of Missouri-Kansas City - LaBudde Special Collections - Miller Nichols Library, MS 0285 Object 3",MS 0285 Object 3,US-KClbsc
711438,"Kansas City (MO), University of Missouri-Kansas City - LaBudde Special Collections - Miller Nichols Library, MS 0285 Object 4",MS 0285 Object 4,US-KClbsc
711143,"Kansas City (MO), University of Missouri-Kansas City - LaBudde Special Collections - Miller Nichols Library, MS 0285 Object 5-6",MS 0285 Object 5-6,US-KClbsc
712288,"Milwaukee, Raynor Archive at Marquette University, BX1999.85.82 1562 Volume 1",BX1999.85.82 1562 Volume 1,US-Mu
712319,"Milwaukee, Raynor Archive at Marquette University, BX1999.85.82 1562 Volume 2",BX1999.85.82 1562 Volume 2,US-Mu
712320,"Milwaukee, Raynor Archive at Marquette University, BX1999.85.82 1562 Volume 3",BX1999.85.82 1562 Volume 3,US-Mu
1000039,"Milwaukee, Raynor Archive at Marquette University, BX1999.85.82 1562 Volume 4",BX1999.85.82 1562 Volume 4,US-Mu
1000044,"Milwaukee, Raynor Archive at Marquette University, BX1999.85.82 1562 Volume 9",BX1999.85.82 1562 Volume 9,US-Mu
123767,"Notre Dame, University of Notre Dame - Music Library, Lat. a. 12",Lat. a. 12,US-NDu
123744,"Notre Dame, University of Notre Dame - Music Library, lat. b.4",lat. b.4,US-NDu
604043,"New York City (NY), Columbia University - Rare Book and Manuscript Library, Plimpton MS 034",Plimpton MS 034,US-NYcub
589026,"New York City (NY), Columbia University - Rare Book and Manuscript Library, Plimpton MS 041",Plimpton MS 041,US-NYcub
712946,"New York, Butler Library, Western MS 080",Western MS 080,US-NYcub
706333,"New York City (NY), Columbia University - Rare Book and Manuscript Library, Western MS 097",Western MS 097,US-NYcub
683940,"New York City (NY), Columbia University - Barnard College Library, MS 1",MS 1,US-NYcubl
704264,"Philadelphia, Free Library of Philadelphia, Lewis E M 1:10",Lewis E M 1:10,US-PHf
704265,"Philadelphia, Free Library of Philadelphia, Lewis E M 1:16",Lewis E M 1:16,US-PHf
712962,"Philadelphia, Free Library of Philadelphia, Lewis E M 67:1",Lewis E M 67:1,US-PHf
712951,"Philadelphia, Free Library of Philadelphia, Lewis E M 67:2",Lewis E M 67:2,US-PHf
710497,"Philadelphia, Free Library of Philadelphia, Lewis E M 70:16",Lewis E M 70:16,US-PHf
1000050,"Princeton, Princeton University Library, 67.4",67.4,US-PRu
713017,"Princeton, Princeton University Library, Garrett MS. 169",Garrett MS. 169,US-PRu
691366,"Princeton, Princeton University Library, Princeton MS. 245",Princeton MS. 245,US-PRu
712488,"St Louis, Peter H. Raven Library (Missouri Botanical Library), (no shelf-mark) D-05qz8",D:05qz8,US-SLprl
670659,"St Louis, Peter H. Raven Library (Missouri Botanical Library), QK41.F8 1542, c.2","QK41.F8 1542, c.2",US-SLprl
693859,"Stanford, Stanford University - Green Library - Department of Special Collections, M2223, Item 42","M2223, Item 42",US-STu
1000019,"Stanford, Stanford University - Green Library - Department of Special Collections, MSS CODEX 0734 FF",MSS CODEX 0734 FF,US-STu
1000099,"Worcester (MA), Assumption University - D'Alzon Library, 4a",4a,US-WOau
1000100,"Worcester (MA), Assumption University - D'Alzon Library, 4b",4b,US-WOau
1000098,"Worcester (MA), Assumption University - D'Alzon Library, 4c",4c,US-WOau
706318,"Washington (D.C.), The Library of Congress - Music Division, M2.1 X M1",M2.1 X M1,US-Wc
706321,"Washington (D.C.), The Library of Congress - Music Division,  M2.1 XI M1",M2.1 XI M1,US-Wc
706322,"Washington (D.C.), The Library of Congress - Music Division, M2.1 XI M3",M2.1 XI M3,US-Wc
706323,"Washington (D.C.), The Library of Congress - Music Division, M2.1 XI M4 [formerly M2.1 XII M1]",M2.1 XI M4 [formerly M2.1 XII M1],US-Wc
702468,"Washington (D.C.), The Library of Congress - Music Division, M2.1 XI M5",M2.1 XI M5,US-Wc
706624,"Washington (D.C.), The Library of Congress - Music Division, M2.1 XI M6 [formerly M2.1 XII M8]",M2.1 XI M6 [formerly M2.1 XII M8],US-Wc
706630,"Washington (D.C.), The Library of Congress - Music Division, M2.1 XII M10",M2.1 XII M10,US-Wc
706631,"Washington (D.C.), The Library of Congress - Music Division, M2.1 XII M11 [formerly M2.1 XI M2]",M2.1 XII M11 [formerly M2.1 XI M2],US-Wc
706632,"Washington (D.C.), The Library of Congress - Music Division, M2.1 XII M12 [formerly M2.1 XIII M4]",M2.1 XII M12 [formerly M2.1 XIII M4],US-Wc
706625,"Washington (D.C.), The Library of Congress - Music Division, M2.1 XII M2",M2.1 XII M2,US-Wc
706626,"Washington (D.C.), The Library of Congress - Music Division, M2.1 XII M4",M2.1 XII M4,US-Wc
706627,"Washington (D.C.), The Library of Congress - Music Division, M2.1 XII M6",M2.1 XII M6,US-Wc
706628,"Washington (D.C.), The Library of Congress - Music Division, M2.1 XII M7",M2.1 XII M7,US-Wc
706629,"Washington (D.C.), The Library of Congress - Music Division, M2.1 XII M9",M2.1 XII M9,US-Wc
123605,"Città del Vaticano, Biblioteca Apostolica Vaticana, Cappella Sistina 27",Cappella Sistina 27,V-CVbav
123661,"Città del Vaticano, Biblioteca Apostolica Vaticana, San Pietro B.79",San Pietro B.79,V-CVbav
123676,"Città del Vaticano, Biblioteca Apostolica Vaticana, lat. 8737",lat. 8737,V-CVbav
713037,"Unknown, Current Location Unknown, F-723s",F-723s,XX-NN
713033,"Unknown, Current Location Unknown, F-g8xi",F-g8xi,XX-NN
713041,"Unknown, Current Location Unknown, F-ppmq",F-ppmq,XX-NN
123724,Münster Antiphoner (1537),MA Impr. 1537,XX-NN
1000064,"McClean (USA), Private Collection, D-00jf0",D:00jf0,
1000056,"Bedford (USA), Private Collection, D-016kc",D:016kc,
701835,"Oxford (UK), Private collections, D-01d6t",D:01d6t,
1000018,"London (Ontario), Private collections, D-01oko",D:01oko,
699079,"North Vancouver (British Columbia), Private collections, D:02csu",D:02csu,
703301,"Halifax (Canada), Private collections, D-02fkm",D:02fkm,
1000072,"Victoria, Private Collection, D-02ka7",D:02ka7,
706688,"Montreal (Quebec), Private collections, D-02ryf",D:02ryf,
705146,"New York (USA), Private collections, D-03cfi",D:03cfi,
701887,"Oxford (UK), Private collections, D-03w1z",D:03w1z,
1000071,"Calgary, Private Collection, D-04sqa",D:04sqa,
706317,"Cincinnati (Ohio), Private collections, D-05k5s",D:05k5s,
710892,"Mascouche (Quebec), Private collections, D-06b7w",D:06b7w,
705107,"New York (USA), Private collections, D-06g6c",D:06g6c,
706230,"Hartford (CT), Private collections, D-0777g",D:0777g,
1000009,"Connecticut USA, Private collections, D-07e7c",D:07e7c,
1000007,"Connecticut USA, Private collections, D-07lvz",D:07lvz,
701879,"Oxford (UK), Private collections, D-083py",D:083py,
1000008,"Connecticut USA, Private collections, D-0b3z1",D:0b3z1,
1000053,"Austin (USA), Private Collection, D-0bz05",D:0bz05,
710155,"Montreal (Quebec), Private collections, D-0dex0",D:0dex0,
699072,"Oakland (California), Private collections, D-0e330",D:0e330,
1000006,"Connecticut USA, Private collections, D-0e78r",D:0e78r,
702383,"Porto Alegre (Brazil), Private collections, D-0egev",D:0egev,
702589,"Bristol (UK), Private collections, D-0eqhg",D:0eqhg,
713018,"Victoria (British Columbia), Private collection, D-0es6l",D:0es6l,
706707,"Rottenburg (Germany), Private collections, D-0f2cr",D:0f2cr,
1000028,"Connecticut USA, Private collections, D-0f4dd",D:0f4dd,
706305,"Salem (New Hampshire), Private collections, D-0fery",D:0fery,
701833,"Oxford (UK), Private collections, D-0fmrt",D:0fmrt,
705131,"New York (USA), Private collections, D-0ghwf",D:0ghwf,
1000031,"Connecticut USA, Private collections, D-0gpiu",D:0gpiu,
699064,"Villars (France), Private collections, D-0iml3",D:0iml3,
675559,"California, Private collections, D-0io1s",D:0io1s,
1000029,"Connecticut USA, Private collections, D-0jb34",D:0jb34,
699152,"Newcastle (South Africa), Private collections, D-0jwc0)",D:0jwc0,
1000027,"Connecticut USA, Private collections, D-0k0iy",D:0k0iy,
698931,"New York (USA), Private collections, D-0kmpp",D:0kmpp,
1000034,"Connecticut USA, Private collections, D-0ksrz",D:0ksrz,
1000054,"Newcastle (South Africa), Private collections, D-0luvn",D:0luvn,
1000010,"Connecticut USA, Private collections, D-0ly13",D:0ly13,
706237,"Issaquah (WA), Private collections, D-0p4kz",D:0p4kz,
711340,"Ashland (Oregon), Private collections, D-0pkms",D:0pkms,
1000057,"Los Angeles (USA), Private Collection, D-0poon",D:0poon,
1000033,"Connecticut USA, Private collections, D-0qz8m",D:0qz8m,
699263,"Boston (Massachusetts USA), Private collections, D-0r3s1",D:0r3s1,
1000032,"Connecticut USA, Private collections, D-0rvs2",D:0rvs2,
1000063,"Montague (USA), Private Collection, D-0tczn",D:0tczn,
711030,"[Unspecified], Private Collections, D-0tgz3",D:0tgz3,
1000055,"Seattle (USA), Private Collection, D-0to02",D:0to02,
698806,"Kitchener (Ontario), Private collections, D:0uhiz",D:0uhiz,
698934,"Berlin (Germany), Private collections, D-0ukk4",D:0ukk4,
702518,"Eindhoven (Netherlands), Private collections, D-0v8wt",D:0v8wt,
1000030,"Connecticut USA, Private collections, D-0vyii",D:0vyii,
702186,"Dublin (Ireland), Private collections, D-0wg82",D:0wg82,
1000070,"Cleveland Heights, Private Collection, D-0x5uo",D:0x5uo,
706914,"Montreal (Quebec), Private collections, D-0xbns",D:0xbns,
674961,"California, Private collections, D-0xpcp",D:0xpcp,
714555,"Connecticut USA, Private collections, D-0yp1h",D:0yp1h,
703087,"Phoenix, Private collections, D-0zgch",D:0zgch,
702189,"Dublin (Ireland), Private collections, D-0zkxv",D:0zkxv,
711106,"Sydney (Nova Scotia), Private Collections, D-qev2",D:qev2,
707345,"Nevada, Private collections, F-1gne",F-1gne,
711259,"Halifax (Nova Scotia), Private Collections, F-nmt3",F-nmt3,
1000013,"California, Private collections, F-rqu3",F-rqu3,
