institution_siglum,source_shelfmark,source_title
A-Gu,1584,"Graz, Universitätsbibliothek, 1584"
A-Gu,281,"Graz, Universitätsbibliothek, 281"
A-Gu,29 (olim 38/8 f.),"Graz, Universitätsbibliothek, 29 (olim 38/8 f.)"
A-Gu,30 (olim 38/9 f.),"Graz, Universitätsbibliothek, 30 (olim 38/9 f.)"
A-Gu,479,"Graz, Universitätsbibliothek, 479"
A-Gu,761,"Graz, Universitätsbibliothek, 761"
A-Gu,767,"Graz, Universitätsbibliothek, 767"
A-Gu,769,"Graz, Universitätsbibliothek, 769"
A-Gu,Cod. 17  (37/9 f.),"Graz, Universitätsbibliothek, Cod. 17  (37/9 f.)"
A-Gu,MS 756,"Graz, Universitätsbibliothek, MS 756"
A-Gu,Ms. 211,"Graz, Universitätsbibliothek, Ms. 211"
A-KN,588,"Klosterneuburg, Augustiner-Chorherrenstift - Bibliothek, 588"
A-KN,CCl 1010,"Klosterneuburg, Augustiner-Chorherrenstift - Bibliothek, CCl 1010"
A-KN,CCl 1011,"Klosterneuburg, Augustiner-Chorherrenstift - Bibliothek, CCl 1011"
A-KN,CCl 1012,"Klosterneuburg, Augustiner-Chorherrenstift - Bibliothek, CCl 1012"
A-KN,CCl 1013,"Klosterneuburg, Augustiner-Chorherrenstift - Bibliothek, CCl 1013"
A-KN,CCl 1015,"Klosterneuburg, Augustiner-Chorherrenstift - Bibliothek, CCl 1015"
A-KN,CCl 1017,"Klosterneuburg, Augustiner-Chorherrenstift - Bibliothek, CCl 1017"
A-KN,CCl 1018,"Klosterneuburg, Augustiner-Chorherrenstift - Bibliothek, CCl 1018"
A-KN,CCl 589,"Klosterneuburg, Augustiner-Chorherrenstift - Bibliothek, CCl 589"
A-KR,Schachtel VI/258,"Kremsmünster, Benediktiner-Stift Kremsmünster - Musikarchiv, Schachtel VI/258"
A-LIb,286,"Linz, Oberösterreichische Landesbibliothek, 286"
A-LIb,290 (olim 183; olim Gamma p 19),"Linz, Oberösterreichische Landesbibliothek, 290 (olim 183; olim Gamma p 19)"
A-LIb,466,"Linz, Oberösterreichische Landesbibliothek, 466"
A-LIb,466 - ff. 234-254,"Linz, Oberösterreichische Landesbibliothek, 466 - ff. 234-254"
A-M,109 (olim 1056),"Melk, Stiftsbibliothek, 109 (olim 1056)"
A-SF,XI 480,"Sankt Florian, Augustiner-Chorherrenstift - Bibliothek und Musikarchiv, XI 480"
A-VOR,121 (XXX),"Vorau, Stiftsbibliothek, 121 (XXX)"
A-VOR,177 (XC),"Vorau, Stiftsbibliothek, 177 (XC)"
A-VOR,287 (olim XXIX),"Vorau, Stiftsbibliothek, 287 (olim XXIX)"
A-VOR,303 (XXXVII),"Vorau, Stiftsbibliothek, 303 (XXXVII)"
A-Wda,C-10,"Wien, Diözesanarchiv, C-10"
A-Wda,C-11,"Wien, Diözesanarchiv, C-11"
A-Wda,D-4,"Wien, Diözesanarchiv, D-4"
A-Wn,1799**,"Wien, Österreichische Nationalbibliothek - Handschriftensammlung, 1799**"
A-Wn,Cod. 1707,"Wien, Österreichische Nationalbibliothek, Cod. 1707"
A-Wn,Cod. 1890,"Wien, Österreichische Nationalbibliothek - Musiksammlung, Cod. 1890"
A-Wn,Cod. 3672,"Wien, Österreichische Nationalbibliothek, Cod. 3672"
A-Wn,"Cod. 3841, flyleaf","Wien, Österreichische Nationalbibliothek, Cod. 3841, flyleaf"
A-Wn,Cpv 1043,"Wien, Österreichische Nationalbibliothek, Cpv 1043"
A-Wn,Cpv 13 314,"Wien, Österreichische Nationalbibliothek, Cpv 13 314"
A-Wn,Cpv 1845,"Wien, Österreichische Nationalbibliothek, Cpv 1845"
A-Wn,Fragm. 1494,"Wien, Österreichische Nationalbibliothek, Fragm. 1494"
A-Wn,Fragm. 613,"Wien, Österreichische Nationalbibliothek, Fragm. 613"
A-Wn,Mus.Hs.15489,"Wien, Österreichische Nationalbibliothek, Mus.Hs.15489"
A-Wn,Ser. Nov. 2700,"Wien, Österreichische Nationalbibliothek,  Ser. Nov. 2700"
AUS-Msl,"096.1/R66A (""The Poissy Antiphonal"")","Melbourne, State Library of Victoria, 096.1/R66A (""The Poissy Antiphonal"")"
AUS-Sfl,Add. Ms. 413 (olim Add. Ms. Fol.1),"Sydney, University of Sydney - Fisher Library - Rare Books & Special Collections, Add. Ms. 413 (olim Add. Ms. Fol.1)"
AUS-Sfl,"Add. Ms. 413, Frag. 1","Sydney, University of Sydney - Fisher Library - Rare Books & Special Collections, Add. Ms. 413, Frag. 1"
AUS-Sfl,Add.Ms. 327,"Sydney, University of Sydney - Fisher Library - Rare Books & Special Collections, Add.Ms. 327"
AUS-Sfl,Add.Ms. 327 (front pastedown),"Sydney, University of Sydney - Fisher Library - Rare Books & Special Collections, Add.Ms. 327 (front pastedown)"
AUS-Sfl,Add.Ms. 327 (rear pastedown),"Sydney, University of Sydney - Fisher Library - Rare Books & Special Collections, Add.Ms. 327 (rear pastedown)"
AUS-Sfl,Add.Ms. 376,"Sydney, University of Sydney - Fisher Library - Rare Books & Special Collections, Add.Ms. 376"
AUS-Sfl,Add.Ms. 379,"Sydney, University of Sydney - Fisher Library - Rare Books & Special Collections, Add.Ms. 379"
AUS-Sfl,Add.Ms. 380,"Sydney, University of Sydney - Fisher Library - Rare Books and Special Collections, Add.Ms. 380"
AUS-Ssl,SAFE/RB/MSS X001,"Sydney, State Library New South Wales, SAFE/RB/MSS X001"
B-AVna,IV.413,"Averbode, Norbertijnenabdij, IV.413"
B-Br,11396,"Bruxelles, Bibliothèque royale, 11396"
B-Br,15073,"Bruxelles, Bibliothèque royale, 15073"
B-Br,19389,"Bruxelles, Bibliothèque royale, 19389"
B-Br,2031-32,"Bruxelles, Bibliothèque royale, 2031-32"
B-Br,4767,"Bruxelles, Bibliothèque royale, 4767"
B-Br,II 3823 (Fétis 1172),"Bruxelles, Bibliothèque royale, II 3823 (Fétis 1172)"
B-Br,II 3825 (Fétis 1174),"Bruxelles, Bibliothèque royale, II 3825 (Fétis 1174)"
B-DEa,ms. 9,"Dendermonde, Sint-Pieters-en Paulusabdij, ms. 9"
B-Gu,"Hs BKT.006 (""Tsgrooten Antiphoner"")","Gent, Universiteitsbibliotheek, Hs BKT.006 (""Tsgrooten Antiphoner"")"
B-TOb,152,"Tongeren, Onze-Lieve-Vrouw-Kerk (Our Lady's Church), 152"
B-TOb,63 (olim V),"Tongeren, Onze-Lieve-Vrouw-Kerk (Our Lady's Church), 63 (olim V)"
B-TOb,64 (olim IV),"Tongeren, Onze-Lieve-Vrouw-Kerk (Our Lady's Church), 64 (olim IV)"
BR-SLUN,330976,"São Leopoldo, UNISINOS Memorial Jesuíta, 330976"
BR-SLUN,340723 Front Pastedown,"São Leopoldo, UNISINOS Memorial Jesuíta, 340723 Front Pastedown"
CDN-Hsmu,M2149.L4 1554,"Halifax (Canada), St. Mary’s University - Patrick Power Library, M2149.L4 1554"
CDN-Lu,M2150,"London (ON), University of Western Ontario - Archives and Research Collections Centre (ARCC), M2150"
CDN-Lu,manuscript MS101 Toswell,"London (ON), University of Western Ontario - Archives and Research Collections Centre (ARCC), manuscript MS101 Toswell"
CDN-Lu,no shelf-mark yet,"London (ON), University of Western Ontario - Archives and Research Collections Centre (ARCC), no shelf-mark yet"
CDN-Mlr,MS Medieval 0018,"Montréal, McGill University - Rare Books and Special Collections - Manuscript Collection, MS Medieval 0018"
CDN-Mlr,MS Medieval 0020,"Montréal, McGill University - Rare Books and Special Collections - Manuscript Collection, MS Medieval 0020"
CDN-Mlr,MS Medieval 0021,"Montréal, McGill University - Rare Books and Special Collections - Manuscript Collection, MS Medieval 0021"
CDN-Mlr,MS Medieval 0024,"Montréal, McGill University - Rare Books and Special Collections - Manuscript Collection, MS Medieval 0024"
CDN-Mlr,MS Medieval 0025,"Montréal, McGill University - Rare Books and Special Collections - Manuscript Collection, MS Medieval 0025"
CDN-Mlr,MS Medieval 0064,"Montréal, McGill University - Rare Books and Special Collections - Manuscript Collection, MS Medieval 0064"
CDN-Mlr,MS Medieval 0065,"Montréal, McGill University - Rare Books and Special Collections - Manuscript Collection, MS Medieval 0065"
CDN-Mlr,MS Medieval 0072,"Montréal, McGill University - Rare Books and Special Collections - Manuscript Collection, MS Medieval 0072"
CDN-Mlr,MS Medieval 0073,"Montréal, McGill University - Rare Books and Special Collections - Manuscript Collection, MS Medieval 0073"
CDN-Mlr,MS Medieval 0078,"Montréal, McGill University - Rare Books and Special Collections - Manuscript Collection, MS Medieval 0078"
CDN-Mlr,MS Medieval 0080,"Montréal, McGill University - Rare Books and Special Collections - Manuscript Collection, MS Medieval 0080"
CDN-Mlr,MS Medieval 0081,"Montréal, McGill University - Rare Books and Special Collections - Manuscript Collection, MS Medieval 0081"
CDN-Mlr,MS Medieval 0086,"Montréal, McGill University - Rare Books and Special Collections - Manuscript Collection, MS Medieval 0086"
CDN-Mlr,MS Medieval 0087,"Montréal, McGill University - Rare Books and Special Collections - Manuscript Collection, MS Medieval 0087"
CDN-Mlr,MS Medieval 0088,"Montréal, McGill University - Rare Books and Special Collections - Manuscript Collection, MS Medieval 0088"
CDN-Mlr,MS Medieval 0089,"Montréal, McGill University - Rare Books and Special Collections - Manuscript Collection, MS Medieval 0089"
CDN-Mlr,MS Medieval 0092,"Montréal, McGill University - Rare Books and Special Collections - Manuscript Collection, MS Medieval 0092"
CDN-Mlr,MS Medieval 0093,"Montréal, McGill University - Rare Books and Special Collections - Manuscript Collection, MS Medieval 0093"
CDN-Mlr,MS Medieval 0111,"Montréal, McGill University - Rare Books and Special Collections - Manuscript Collection, MS Medieval 0111"
CDN-Mlr,MS Medieval 0169,"Montréal, McGill University - Rare Books and Special Collections - Manuscript Collection, MS Medieval 0169"
CDN-Mlr,MS Medieval 0170,"Montréal, McGill University - Rare Books and Special Collections - Manuscript Collection, MS Medieval 0170"
CDN-Mlr,MS Medieval 0171,"Montréal, McGill University - Rare Books and Special Collections - Manuscript Collection, MS Medieval 0171"
CDN-Mlr,MS Medieval 0172,"Montréal, McGill University - Rare Books and Special Collections - Manuscript Collection, MS Medieval 0172"
CDN-Mlr,MS Medieval 0176,"Montréal, McGill University - Rare Books and Special Collections - Manuscript Collection, MS Medieval 0176"
CDN-Mlr,MS Medieval 0184,"Montréal, McGill University - Rare Books and Special Collections - Manuscript Collection, MS Medieval 0184"
CDN-Mlr,MS Medieval 0186,"Montréal, McGill University - Rare Books and Special Collections - Manuscript Collection, MS Medieval 0186"
CDN-Mlr,MS Medieval 0204,"Montréal, McGill University - Rare Books and Special Collections - Manuscript Collection, MS Medieval 0204"
CDN-Mlr,MS Medieval 0205,"Montréal, McGill University - Rare Books and Special Collections - Manuscript Collection, MS Medieval 0205"
CDN-Mlr,MS Medieval 0206,"Montréal, McGill University - Rare Books and Special Collections - Manuscript Collection, MS Medieval 0206"
CDN-Mlr,MS Medieval 0207,"Montréal, McGill University - Rare Books and Special Collections - Manuscript Collection, MS Medieval 0207"
CDN-Mlr,MS Medieval 0208,"Montréal, McGill University - Rare Books and Special Collections - Manuscript Collection, MS Medieval 0208"
CDN-Mlr,MS Medieval 0209,"Montréal, McGill University - Rare Books and Special Collections - Manuscript Collection, MS Medieval 0209"
CDN-Mlr,MS Medieval 0210,"Montréal, McGill University - Rare Books and Special Collections - Manuscript Collection, MS Medieval 0210"
CDN-Mlr,MS Medieval 0211,"Montréal, McGill University - Rare Books and Special Collections - Manuscript Collection, MS Medieval 0211"
CDN-Mlr,MS Medieval 0212,"Montréal, McGill University - Rare Books and Special Collections - Manuscript Collection, MS Medieval 0212"
CDN-Mlr,MS Medieval 0215,"Montréal, McGill University - Rare Books and Special Collections - Manuscript Collection, MS Medieval 0215"
CDN-Mlr,MS Medieval 0216,"Montréal, McGill University - Rare Books and Special Collections - Manuscript Collection, MS Medieval 0216"
CDN-Mlr,MS Medieval 0217,"Montréal, McGill University - Rare Books and Special Collections - Manuscript Collection, MS Medieval 0217"
CDN-Mlr,MS Medieval 0218,"Montréal, McGill University - Rare Books and Special Collections - Manuscript Collection, MS Medieval 0218"
CDN-Mlr,MS Medieval 0219,"Montréal, McGill University - Rare Books and Special Collections - Manuscript Collection, MS Medieval 0219"
CDN-Mlr,MS Medieval 0220,"Montréal, McGill University - Rare Books and Special Collections - Manuscript Collection, MS Medieval 0220"
CDN-Mlr,MS Medieval 0221,"Montréal, McGill University - Rare Books and Special Collections - Manuscript Collection, MS Medieval 0221"
CDN-Mlr,MS Medieval 0222,"Montréal, McGill University - Rare Books and Special Collections - Manuscript Collection, MS Medieval 0222"
CDN-Mlr,MS Medieval 0231,"Montréal, McGill University - Rare Books and Special Collections - Manuscript Collection, MS Medieval 0231"
CDN-Mlr,MS Medieval 0234,"Montréal, McGill University - Rare Books and Special Collections - Manuscript Collection, MS Medieval 0234"
CDN-Mlr,MS Medieval 0237,"Montréal, McGill University - Rare Books and Special Collections - Manuscript Collection, MS Medieval 0007"
CDN-Mlr,MS Medieval 0239,"Montréal, McGill University - Rare Books and Special Collections - Manuscript Collection, MS Medieval 0239"
CDN-Mlr,MS Medieval 0239 early layer,
CDN-Mlr,MS Medieval 0239 late layer,
CDN-Oc,ms. 1,"Ottawa, Carleton University - MacOdrum Library - Archives and Research Collection, ms. 1"
CDN-Oc,ms. 2,"Ottawa, Carleton University - MacOdrum Library - Archives and Research Collection, ms. 2"
CDN-Qsl,Le Paroissien Noté,"Quebec, Séminaire de Québec, Le Paroissien Noté"
CDN-STCbul,RG 394,"St. Catharines (ON), Brock University Library - Archives and Special Collections, RG 394"
CDN-STCbul,RG 396,"St. Catharines (ON), Brock University Library - Archives and Special Collections, RG 396"
CDN-Ttfl,MSS 09700,"Toronto, University of Toronto - Thomas Fisher Rare Book Library, MSS 09700"
CDN-Tu,musi MSS 0019,"Toronto, Faculty of Music Library, musi MSS 0019"
CDN-W,MS 1,"Winnipeg (Manitoba), University of Manitoba Libraries - The Dysart Memorial Collection, MS 1"
CDN-WAdl,MS Book A,"Waterloo, University of Waterloo – DRAGEN Lab-St Jerome’s University, MS Book A"
CDN-WAdl,MS Medieval 01,"Waterloo, University of Waterloo – DRAGEN Lab-St Jerome’s University, MS Medieval 01"
CDN-WAdl,MS Medieval 02,"Waterloo, University of Waterloo – DRAGEN Lab-St Jerome’s University, MS Medieval 02"
CDN-WAwlul,M2142.L2 N6 RB88,"Waterloo, Wilfrid Laurier University Library, M2142.L2 N6 RB88"
CH-BEb,620,"Bern, Burgerbibliotek, 620"
CH-BEb,A. 421,"Bern, Burgerbibliotek, A. 421"
CH-BSPh,MS 7,"Bourg-Saint-Pierre, Hospice du Grand-Saint-Bernard - Bibliothèque, MS 7"
CH-CObodmer,Cod. Bodmer 74,"Cologny, Fondation Martin Bodmer, Cod. Bodmer 74"
CH-E,611,"Einsiedeln, Stiftsbibliothek, 611"
CH-E,Codex 121,"Einsiedeln, Stiftsbibliothek, Codex 121"
CH-E,cod. 113 (466),"Einsiedeln, Stiftsbibliothek, cod. 113 (466)"
CH-E,cod. 114,"Einsiedeln, Stiftsbibliothek, cod. 114"
CH-E,cod. 121,"Einsiedeln, Stiftsbibliothek, cod. 121"
CH-E,cod. 366,"Einsiedeln, Stiftsbibliothek, cod. 366"
CH-EN,1003,"Engelberg, Stiftsbibliothek, 1003"
CH-EN,102,"Engelberg, Stiftsbibliothek, 102"
CH-EN,314,"Engelberg, Stiftsbibliothek, 314"
CH-EN,cod. 314,"Engelberg, Stiftsbibliothek, cod. 314"
CH-ENstb,Cod. 103,"Engelberg, Benediktinerkloster - Stiftsbibliothek, Cod. 103"
CH-Fco,Ms. 2,"Fribourg, Bibliothèque des Cordeliers, Ms. 2"
CH-Fco,Ms. 9,"Fribourg, Bibliothèque des Cordeliers, Ms. 9"
CH-P,18,"Porrentruy, Bibliothèque cantonale jurassienne, 18"
CH-ROM,"Ms. liturg. FiD 1, flyleaves","Romont, Abbaye de la Fille-Dieu Romont, Ms. liturg. FiD 1, flyleaves"
CH-SGs,388,"Sankt-Gallen, Stiftsbibliothek, 388"
CH-SGs,390,"Sankt-Gallen, Stiftsbibliothek, 390"
CH-SGs,391,"Sankt-Gallen, Stiftsbibliothek, 391"
CH-SGs,"Cod. Sang. 340, flyleaf","Sankt-Gallen, Stiftsbibliothek, Cod. Sang. 340, flyleaf"
CH-SGs,Cod. Sang. 359,"Sankt-Gallen, Stiftsbibliothek, Cod. Sang. 359"
CH-SGs,cod. 375,"Sankt-Gallen, Stiftsbibliothek, cod. 375"
CH-SGs,cod. 376,"Sankt-Gallen, Stiftsbibliothek, cod. 376"
CH-SGs,cod. 378,"Sankt-Gallen, Stiftsbibliothek, cod. 378"
CH-SGs,cod. 380,"Sankt-Gallen, Stiftsbibliothek, cod. 380"
CH-SGs,cod. 381,"Sankt-Gallen, Stiftsbibliothek, cod. 381"
CH-SGs,cod. 382,"Sankt-Gallen, Stiftsbibliothek, cod. 382"
CH-SGs,cod. 484,"Sankt-Gallen, Stiftsbibliothek, cod. 484"
CH-SGs,cod. 898,"Sankt-Gallen, Stiftsbibliothek, cod. 898"
CH-SGv,Vadiana 317,"Sankt-Gallen, Kantonsbibliothek, Vadiana 317"
CH-SH,95,"Schaffhausen, Stadtbibliothek, 95"
CH-Zm,26117,"Zurich, Schweizerisches Landesmuseum, 26117"
CH-Zz,Rh. 125,"Zürich, Zentralbibliothek, Rh. 125"
CH-Zz,Rh. 132,"Zürich, Zentralbibliothek, Rh. 132"
CH-Zz,Rh. 14,"Zürich, Zentralbibliothek, Rh. 14"
CH-Zz,Rh. 55,"Zürich, Zentralbibliothek, Rh. 55"
CH-Zz,Rh. 80,"Zürich, Zentralbibliothek, Rh. 80"
CZ-Bu,Rajhrad 387,"Brno, Moravská zemská knihovna v Brně, Rajhrad 387"
CZ-HKm,Antiphonary II A 1,"Hradec Králové, Muzeum Východních Čech v Hradci Králové, Antiphonary II A 1"
CZ-Pap,P VIII,"Prague, Knihovna metropolitni kapituly sv. Vita, P VIII"
CZ-Pst,DE I 7,"Prague, Strahovská knihovna (Library of the Royal Canonry of Premonstratensians at Strahov), DE I 7"
CZ-Pu,I G 17,"Prague, Národní knihovna České republiky (National Library), I G 17"
CZ-Pu,VI G 10a,
CZ-Pu,VI.E.4c,"Prague, Národní knihovna České republiky (National Library), VI.E.4c"
CZ-Pu,VII G 16,
CZ-Pu,XI C 3,"Prague, University Library, XI C 3"
CZ-Pu,XI C 3,"Prague, University Library, XI C 3"
CZ-Pu,XIII.C.4,"Prague, Národní knihovna České republiky (National Library), XIII.C.4"
CZ-Pu,XIV.B.13,"Prague, Národní knihovna České republiky (National Library), XIV.B.13"
D-AAd,13 (XII),"Aachen, Bischöfliche Diözesanbibliothek, 13 (XII)"
D-AAd,13 (XII),"Aachen, Bischöfliche Diözesanbibliothek, 13 (XII)"
D-AAm,G 20,"Aachen (Aix-la-Chapelle), Domarchiv, G 20"
D-B,MUS. MS. 40608,"Berlin, Staatsbibliothek Preussischer Kulturbesitz, MUS. MS. 40608"
D-B,Mus. 40047,"Berlin, Staatsbibliothek Preussischer Kulturbesitz, Mus. 40047"
D-B,Mus. ms. 40 222,"Berlin, Staatsbibliothek Preussischer Kulturbesitz, Mus. ms. 40 222"
D-B,th.lat.4o  11,"Berlin, Staatsbibliothek Preussischer Kulturbesitz, th.lat.4o  11"
D-B,th.lat.4o  664,"Berlin, Staatsbibliothek Preussischer Kulturbesitz, th.lat.4o  664"
D-BAs,Msc.Bibl.79,"Bamberg, Staatsbibliothek, Msc.Bibl.79"
D-BAs,Msc.Lit.25 (olim Ed.IV.11),"Bamberg, Staatsbibliothek, Msc.Lit.25 (olim Ed.IV.11)"
D-BAs,Msc.Lit.27,"Bamberg, Staatsbibliothek, Msc.Lit.27"
D-BAs,lit. 12,"Bamberg, Staatsbibliothek, lit. 12"
D-BAs,lit. 5,"Bamberg, Staatsbibliothek, lit. 5"
D-BAs,lit. 6,"Bamberg, Staatsbibliothek, lit. 6"
D-Bds,mus. 40078 (Z. 78),"Berlin, Deutsche Staatsbibliothek, mus. 40078 (Z. 78)"
D-DS,545,"Darmstadt, Hessische Landes- und Hochschulbibliothek, 545"
D-DS,868,"Darmstadt, Hessische Landes- und Hochschulbibliothek, 868"
D-Dl,A. 122,"Dresden, Sächsische Landesbibliothek, A. 122"
D-FUl,Aa 55,"Fulda, Hessische Landesbibliothek, Aa 55"
D-Gsta,AB III 9,"Göttingen, Stadtarchiv, AB III 9"
D-KA,Aug. 209,"Karlsruhe, Badische Landesbibliothek - Musiksammlung, Aug. 209"
D-KA,Aug. LX,"Karlsruhe, Badische Landesbibliothek - Musiksammlung, Aug. LX"
D-KA,B. 102,"Karlsruhe, Badische Landesbibliothek - Musiksammlung, B. 102"
D-KA,L[ichtenthal]. 5,"Karlsruhe, Badische Landesbibliothek - Musiksammlung, L[ichtenthal]. 5"
D-KA,L[ichtenthal]. 60,"Karlsruhe, Badische Landesbibliothek - Musiksammlung, L[ichtenthal]. 60"
D-KA,S. Peter 15,"Karlsruhe, Badische Landesbibliothek - Musiksammlung, S. Peter 15"
D-KA,S. Peter 44,"Karlsruhe, Badische Landesbibliothek - Musiksammlung, S. Peter 44"
D-KA,Sankt-Georgen 3,"Karlsruhe, Badische Landesbibliothek - Musiksammlung, Sankt-Georgen 3"
D-KA,Sankt-Georgen 31,"Karlsruhe, Badische Landesbibliothek - Musiksammlung, Sankt-Georgen 31"
D-KA,St. Peter 14a,"Karlsruhe, Badische Landesbibliothek - Musiksammlung, St. Peter 14a"
D-KA,St. Peter 16,"Karlsruhe, Badische Landesbibliothek - Musiksammlung, St. Peter 16"
D-KA,UH1,"Karlsruhe, Badische Landesbibliothek - Musiksammlung, UH1"
D-KNa,W. f. 270,"Köln, Historisches Archiv, W. f. 270"
D-KNd,1161,"Köln, Erzbischöfliche Diözesan- und Dombibliothek, 1161"
D-KNd,215,"Köln, Erzbischöfliche Diözesan- und Dombibliothek, 215"
D-KNd,226,"Köln, Erzbischöfliche Diözesan- und Dombibliothek, 226"
D-Kl,4o theol. 15,"Kassel, Landesbibliothek, 4o theol. 15"
D-Kl,4o theol. 5,"Kassel, Landesbibliothek, 4o theol. 5"
D-LEu,391,"Leipzig, Universitätsbibliothek, 391"
D-LEu,Rep. I 93,"Leipzig, Universitätsbibliothek, Rep. I 93"
D-MZb,A,"Mainz, Bischöfliches Dom- und Diözesanmuseum, A"
D-MZb,B,"Mainz, Bischöfliches Dom- und Diözesanmuseum, B"
D-MZb,C,"Mainz, Bischöfliches Dom- und Diözesanmuseum, C"
D-MZb,D,"Mainz, Bischöfliches Dom- und Diözesanmuseum, D"
D-MZb,E,"Mainz, Bischöfliches Dom- und Diözesanmuseum, E"
D-Ma,12o Cmm 1,"München, Franziskanerkloster St. Anna - Bibliothek, 12o Cmm 1"
D-Mbs,Cgm 716,"München, Bayerische Staatsbibliothek, Cgm 716"
D-Mbs,Clm  18392,"München, Bayerische Staatsbibliothek, Clm  18392"
D-Mbs,Clm 10075,"München, Bayerische Staatsbibliothek, Clm 10075"
D-Mbs,Clm 11004,"München, Bayerische Staatsbibliothek, Clm 11004"
D-Mbs,Clm 13125,"München, Bayerische Staatsbibliothek, Clm 13125"
D-Mbs,Clm 14013,"München, Bayerische Staatsbibliothek, Clm 14013"
D-Mbs,Clm 14045,"München, Bayerische Staatsbibliothek, Clm 14045"
D-Mbs,Clm 14083,"München, Bayerische Staatsbibliothek, Clm 14083"
D-Mbs,Clm 14322,"München, Bayerische Staatsbibliothek, Clm 14322"
D-Mbs,Clm 14343,"München, Bayerische Staatsbibliothek, Clm 14343"
D-Mbs,Clm 14843,"München, Bayerische Staatsbibliothek, Clm 14843"
D-Mbs,Clm 14845,"München, Bayerische Staatsbibliothek, Clm 14845"
D-Mbs,Clm 14926,"München, Bayerische Staatsbibliothek, Clm 14926"
D-Mbs,Clm 15730,"München, Bayerische Staatsbibliothek, Clm 15730"
D-Mbs,Clm 17018,"München, Bayerische Staatsbibliothek, Clm 17018"
D-Mbs,Clm 17019,"München, Bayerische Staatsbibliothek, Clm 17019"
D-Mbs,Clm 17021,"München, Bayerische Staatsbibliothek, Clm 17021"
D-Mbs,Clm 17025,"München, Bayerische Staatsbibliothek, Clm 17025"
D-Mbs,Clm 17100,"München, Bayerische Staatsbibliothek, Clm 17100"
D-Mbs,Clm 17212,"München, Bayerische Staatsbibliothek, Clm 17212"
D-Mbs,Clm 18955,"München, Bayerische Staatsbibliothek, Clm 18955"
D-Mbs,Clm 18956,"München, Bayerische Staatsbibliothek, Clm 18956"
D-Mbs,Clm 19162,"München, Bayerische Staatsbibliothek, Clm 19162"
D-Mbs,Clm 19242,"München, Bayerische Staatsbibliothek, Clm 19242"
D-Mbs,Clm 19266,"München, Bayerische Staatsbibliothek, Clm 19266"
D-Mbs,Clm 19267,"München, Bayerische Staatsbibliothek, Clm 19267"
D-Mbs,Clm 23001,"München, Bayerische Staatsbibliothek, Clm 23001"
D-Mbs,Clm 23026,"München, Bayerische Staatsbibliothek, Clm 23026"
D-Mbs,Clm 23044,"München, Bayerische Staatsbibliothek, Clm 23044"
D-Mbs,Clm 23045,"München, Bayerische Staatsbibliothek, Clm 23045"
D-Mbs,Clm 23063,"München, Bayerische Staatsbibliothek, Clm 23063"
D-Mbs,Clm 23270,"München, Bayerische Staatsbibliothek, Clm 23270"
D-Mbs,Clm 23284,"München, Bayerische Staatsbibliothek, Clm 23284"
D-Mbs,Clm 23285,"München, Bayerische Staatsbibliothek, Clm 23285"
D-Mbs,Clm 23286,"München, Bayerische Staatsbibliothek, Clm 23286"
D-Mbs,Clm 23287,"München, Bayerische Staatsbibliothek, Clm 23287"
D-Mbs,Clm 27020,"München, Bayerische Staatsbibliothek, Clm 27020"
D-Mbs,Clm 27130,"München, Bayerische Staatsbibliothek, Clm 27130"
D-Mbs,Clm 29308(1,"München, Bayerische Staatsbibliothek, Clm 29308(1"
D-Mbs,Clm 29308(1,"München, Bayerische Staatsbibliothek, Clm 29308(1"
D-Mbs,Clm 29308(18,"München, Bayerische Staatsbibliothek, Clm 29308(18"
D-Mbs,Clm 29308(2,"München, Bayerische Staatsbibliothek, Clm 29308(2"
D-Mbs,Clm 29308(5,"München, Bayerische Staatsbibliothek, Clm 29308(5"
D-Mbs,Clm 3008,"München, Bayerische Staatsbibliothek, Clm 3008"
D-Mbs,Clm 3311,"München, Bayerische Staatsbibliothek, Clm 3311"
D-Mbs,Clm 3906,"München, Bayerische Staatsbibliothek, Clm 3906"
D-Mbs,Clm 3914,"München, Bayerische Staatsbibliothek, Clm 3914"
D-Mbs,Clm 4101,"München, Bayerische Staatsbibliothek, Clm 4101"
D-Mbs,Clm 4303,"München, Bayerische Staatsbibliothek, Clm 4303"
D-Mbs,Clm 4304,"München, Bayerische Staatsbibliothek, Clm 4304"
D-Mbs,Clm 4305,"München, Bayerische Staatsbibliothek, Clm 4305"
D-Mbs,Clm 4306,"München, Bayerische Staatsbibliothek, Clm 4306"
D-Mbs,Clm 4519,"München, Bayerische Staatsbibliothek, Clm 4519"
D-Mbs,Clm 4548,"München, Bayerische Staatsbibliothek, Clm 4548"
D-Mbs,Clm 5023,"München, Bayerische Staatsbibliothek, Clm 5023"
D-Mbs,Clm 6913,"München, Bayerische Staatsbibliothek, Clm 6913"
D-Mbs,Clm 7815,"München, Bayerische Staatsbibliothek, Clm 7815"
D-Mbs,Clm 7919,"München, Bayerische Staatsbibliothek, Clm 7919"
D-Mbs,Clm 8710,"München, Bayerische Staatsbibliothek, Clm 8710"
D-Mbs,Clm 9508,"München, Bayerische Staatsbibliothek, Clm 9508"
D-Mbs,Clm. 5539,"Munich, Bayerische Staatsbibliothek, Clm. 5539"
D-Mu,MS 2° 156,"München, Universitätsbibliothek, MS 2° 156"
D-MÜu,Hs 41,"Münster, Universitäts- und Landesbibliothek, Hs 41"
D-Rs,4o Liturg. 19,"Regensburg, Staatliche Bibliothek, 4o Liturg. 19"
D-Rtt,F.K. mus. 1/II,"Regensburg,  Fürst Thurn und Taxis Hofbibliothek, F.K. mus. 1/II"
D-Rtt,F.K. mus. 42/II,"Regensburg,  Fürst Thurn und Taxis Hofbibliothek, F.K. mus. 42/II"
D-Rtt,F.K. mus. 43/II,"Regensburg,  Fürst Thurn und Taxis Hofbibliothek, F.K. mus. 43/II"
D-Rtt,F.K. mus. 5/II,"Regensburg,  Fürst Thurn und Taxis Hofbibliothek, F.K. mus. 5/II"
D-Rtt,F.K. mus. 68 & 69,"Regensburg,  Fürst Thurn und Taxis Hofbibliothek, F.K. mus. 68 & 69"
D-Rtt,F.K. mus. 7/11,"Regensburg,  Fürst Thurn und Taxis Hofbibliothek, F.K. mus. 7/11"
D-Rtt,F.K. mus. 84,"Regensburg,  Fürst Thurn und Taxis Hofbibliothek, F.K. mus. 84"
D-Sl,Cod. bibl. 2o 38,"Stuttgart, Württembergische Landesbibliothek, Cod. bibl. 2o 38"
D-Sl,Cod. bibl. 4o 36,"Stuttgart, Württembergische Landesbibliothek, Cod. bibl. 4o 36"
D-Sl,Cod. brev. 160,"Stuttgart, Württembergische Landesbibliothek, Cod. brev. 160"
D-Sl,Cod. mus. 2o 65,"Stuttgart, Württembergische Landesbibliothek, Cod. mus. 2o 65"
D-Sl,"HB I, Asc. 95","Stuttgart, Württembergische Landesbibliothek, HB I, Asc. 95"
D-Sl,HB.I.55,"Stuttgart, Württembergische Landesbibliothek, HB.I.55"
D-Sl,"cod. bibl., 2o 20","Stuttgart, Württembergische Landesbibliothek, cod. bibl., 2o 20"
D-TRb,"Abt. 95, Nr. 5","Trier, Bistumsarchiv, Abt. 95, Nr. 5"
D-TRs,1245 / 597 (original),"Trier, Stadtbibliothek Weberbach, 1245 / 597 (original)"
D-TRs,1245 / 597 (revised),"Trier, Stadtbibliothek Weberbach, 1245 / 597 (revised)"
D-TRs,2254 (Codex Bohm),"Trier, Stadtbibliothek Weberbach, 2254 (Codex Bohm)"
D-TRs,F-2dpf,"Trier, Stadtbibliothek Weberbach, F-2dpf"
D-TRs,F-2ggs,"Trier, Stadtbibliothek Weberbach, F-2ggs"
D-TRs,F-5rkm,"Trier, Stadtbibliothek Weberbach, F-5rkm"
D-TRs,F-661u,"Trier, Stadtbibliothek Weberbach, F-661u"
D-TRs,F-6eoa,"Trier, Stadtbibliothek Weberbach, F-6eoa"
D-TRs,F-76d5,"Trier, Stadtbibliothek Weberbach, F-76d5"
D-TRs,F-7anv,"Trier, Stadtbibliothek Weberbach, F-7anv"
D-TRs,F-7cii,"Trier, Stadtbibliothek Weberbach, F-7cii"
D-TRs,F-7z72,"Trier, Stadtbibliothek Weberbach, F-7z72"
D-TRs,F-82pg,"Trier, Stadtbibliothek Weberbach, F-82pg"
D-TRs,F-87fs,"Trier, Stadtbibliothek Weberbach, F-87fs"
D-TRs,F-87fs,"Trier, Stadtbibliothek Weberbach, F-87fs"
D-TRs,F-8slb,"Trier, Stadtbibliothek Weberbach, F-8slb"
D-TRs,F-a00a,"Trier, Stadtbibliothek Weberbach, F-a00a"
D-TRs,F-a0yk,"Trier, Stadtbibliothek Weberbach, F-a0yk"
D-TRs,F-b2zd,"Trier, Stadtbibliothek Weberbach, F-b2zd"
D-TRs,F-byer,"Trier, Stadtbibliothek Weberbach, F-byer"
D-TRs,F-c34q,"Trier, Stadtbibliothek Weberbach, F-c34q"
D-TRs,F-c8jl,"Trier, Stadtbibliothek Weberbach, F-c8jl"
D-TRs,F-chdk,"Trier, Stadtbibliothek Weberbach, F-chdk"
D-TRs,F-dsjj,"Trier, Stadtbibliothek Weberbach, F-dsjj"
D-TRs,F-dt0m,"Trier, Stadtbibliothek Weberbach, F-dt0m"
D-TRs,F-e2zn,"Trier, Stadtbibliothek Weberbach, F-e2zn"
D-TRs,F-e57b,"Trier, Stadtbibliothek Weberbach, F-e57b"
D-TRs,F-eu4i,"Trier, Stadtbibliothek Weberbach, F-eu4i"
D-TRs,F-f0gp,"Trier, Stadtbibliothek Weberbach, F-f0gp"
D-TRs,F-g5fs,"Trier, Stadtbibliothek Weberbach, F-g5fs"
D-TRs,F-gdjn,"Trier, Stadtbibliothek Weberbach, F-gdjn"
D-TRs,F-ge1j,"Trier, Stadtbibliothek Weberbach, F-ge1j"
D-TRs,F-ghak,"Trier, Stadtbibliothek Weberbach, F-ghak"
D-TRs,F-h16v,"Trier, Stadtbibliothek Weberbach, F-h16v"
D-TRs,F-hii0,"Trier, Stadtbibliothek Weberbach, F-hii0"
D-TRs,F-impb,"Trier, Stadtbibliothek Weberbach, F-impb"
D-TRs,F-irhl,"Trier, Stadtbibliothek Weberbach, F-irhl"
D-TRs,F-izjo,"Trier, Stadtbibliothek Weberbach, F-izjo"
D-TRs,F-jedx,"Trier, Stadtbibliothek Weberbach, F-jedx"
D-TRs,F-k1ip,"Trier, Stadtbibliothek Weberbach, F-k1ip"
D-TRs,F-kabt,"Trier, Stadtbibliothek Weberbach, F-kabt"
D-TRs,F-lcn7,"Trier, Stadtbibliothek Weberbach, F-lcn7"
D-TRs,F-mene,"Trier, Stadtbibliothek Weberbach, F-mene"
D-TRs,F-mzph,"Trier, Stadtbibliothek Weberbach, F-mzph"
D-TRs,F-n8h3,"Trier, Stadtbibliothek Weberbach, F-n8h3"
D-TRs,F-nmyl,"Trier, Stadtbibliothek Weberbach, F-nmyl"
D-TRs,F-onwg,"Trier, Stadtbibliothek Weberbach, F-onwg"
D-TRs,F-ovo6,"Trier, Stadtbibliothek Weberbach, F-ovo6"
D-TRs,F-p6th,"Trier, Stadtbibliothek Weberbach, F-p6th"
D-TRs,F-pjh5,"Trier, Stadtbibliothek Weberbach, F-pjh5"
D-TRs,F-qwjc,"Trier, Stadtbibliothek Weberbach, F-qwjc"
D-TRs,F-rgta,"Trier, Stadtbibliothek Weberbach, F-rgta"
D-TRs,F-sjgk,"Trier, Stadtbibliothek Weberbach, F-sjgk"
D-TRs,F-svu8,"Trier, Stadtbibliothek Weberbach, F-svu8"
D-TRs,F-vwh5,"Trier, Stadtbibliothek Weberbach, F-vwh5"
D-TRs,F-vxn8,"Trier, Stadtbibliothek Weberbach, F-vxn8"
D-TRs,F-w2xh,"Trier, Stadtbibliothek Weberbach, F-w2xh"
D-TRs,F-wr2o,"Trier, Stadtbibliothek Weberbach, F-wr2o"
D-TRs,F-wvbj,"Trier, Stadtbibliothek Weberbach, F-wvbj"
D-TRs,F-x5ki,"Trier, Stadtbibliothek Weberbach, F-x5ki"
D-TRs,F-x6uf,"Trier, Stadtbibliothek Weberbach, F-x6uf"
D-TRs,F-xr2h,"Trier, Stadtbibliothek Weberbach, F-xr2h"
D-TRs,F-xxns,"Trier, Stadtbibliothek Weberbach, F-xxns"
D-TRs,F-yd41,"Trier, Stadtbibliothek Weberbach, F-yd41"
D-TRs,F-yp7r,"Trier, Stadtbibliothek Weberbach, F-yp7r"
D-TRs,F-yv74,"Trier, Stadtbibliothek Weberbach, F-yv74"
D-TRs,F-zsxw,"Trier, Stadtbibliothek Weberbach, F-zsxw"
D-TRs,"Fragmentenbox 12b, 01-22, no. 2b-bis","Trier, Stadtbibliothek Weberbach, Fragmentenbox 12b, 01-22, no. 2b-bis"
D-TRs,"Fragmentenbox 12b, 23-42, no. 42b","Trier, Stadtbibliothek Weberbach, Fragmentenbox 12b, 23-42, no. 42b"
D-TRs,"Fragmentenbox 12b, Fragment 01-22  no 13b","Trier, Stadtbibliothek Weberbach, Fragmentenbox 12b, Fragment 01-22  no 13b"
D-TRs,"Fragmentenbox 12b, Fragment 01-22, no. 14b","Trier, Stadtbibliothek Weberbach, Fragmentenbox 12b, Fragment 01-22, no. 14b"
D-TRs,"Fragmentenbox 12b, Fragment 23-42, 26b","Trier, Stadtbibliothek Weberbach, Fragmentenbox 12b, Fragment 23-42, 26b"
D-TRs,"Fragmentenbox 12b, Fragment 23-42, no. 40b","Trier, Stadtbibliothek Weberbach, Fragmentenbox 12b, Fragment 23-42, no. 40b"
D-TRs,"Fragmentenbox 12b, Fragment 43-71 no. 64b","Trier, Stadtbibliothek Weberbach, Fragmentenbox 12b, Fragment 43-71 no. 64b"
D-TRs,"Fragmentenbox 12c, Fragment 1-9, no. 2c","Trier, Stadtbibliothek Weberbach, Fragmentenbox 12c, Fragment 1-9, no. 2c"
D-TRs,"Fragmentenbox 12c, Fragment 1-9, no.7c","Trier, Stadtbibliothek Weberbach, Fragmentenbox 12c, Fragment 1-9, no.7c"
D-TRs,MS F-4ij3,"Trier, Stadtbibliothek Weberbach, MS F-4ij3"
D-W,45 (Helmst. 40),"Wolfenbüttel, Herzog August Bibliothek, 45 (Helmst. 40)"
D-W,Cod. Guelf. 28 Helmst. (Heinemann-Nr. 31),"Wolfenbüttel, Herzog August Bibliothek, Cod. Guelf. 28 Helmst. (Heinemann-Nr. 31)"
D-W,Cod. Guelf. 29 Helmst. (Heinemann-Nr. 32),"Wolfenbüttel, Herzog August Bibliothek, Cod. Guelf. 29 Helmst. (Heinemann-Nr. 32)"
D-WIl,2 (Riesencodex),"Wiesbaden, Hochschul- und Landesbibliothek RheinMain, 2 (Riesencodex)"
D-WIl,"2 (Riesencodex), detached lower pastedown","Wiesbaden, Hochschul- und Landesbibliothek RheinMain, 2 (Riesencodex), detached lower pastedown"
D-WIl,"2 (Riesencodex), detached upper pastedown","Wiesbaden, Hochschul- und Landesbibliothek RheinMain, 2 (Riesencodex), detached upper pastedown"
D-WÜu,M. ch. f. 283,"Würzburg, Universitätsbibliothek, M. ch. f. 283"
D-X,H 109,"Xanten, Stiftsarchiv und -bibliothek St. Viktor, H 109"
D-X,H 140 (3),"Xanten, Stiftsarchiv und -bibliothek St. Viktor, H 140 (3)"
DK-Kk,Fragm. 2160,"København (Copenhagen), Det kongelige Bibliotek Slotsholmen, Fragm. 2160"
DK-Kk,Fragm. 2161,"København (Copenhagen), Det kongelige Bibliotek Slotsholmen, Fragm. 2161"
DK-Kk,Fragm. 2162,"København (Copenhagen), Det kongelige Bibliotek Slotsholmen, Fragm. 2162"
DK-Kk,Gl. Kgl. S. 3449 8o [02] II,"København (Copenhagen), Det kongelige Bibliotek Slotsholmen, Gl. Kgl. S. 3449 8o [02] II"
DK-Kk,Gl. Kgl. S. 3449 8o [03] III,"København (Copenhagen), Det kongelige Bibliotek Slotsholmen, Gl. Kgl. S. 3449 8o [03] III"
DK-Kk,Gl. Kgl. S. 3449 8o [04] IV,"København (Copenhagen), Det kongelige Bibliotek Slotsholmen, Gl. Kgl. S. 3449 8o [04] IV"
DK-Kk,Gl. Kgl. S. 3449 8o [05] V,"København (Copenhagen), Det kongelige Bibliotek Slotsholmen, Gl. Kgl. S. 3449 8o [05] V"
DK-Kk,Gl. Kgl. S. 3449 8o [06] VI,"København (Copenhagen), Det kongelige Bibliotek Slotsholmen, Gl. Kgl. S. 3449 8o [06] VI"
DK-Kk,Gl. Kgl. S. 3449 8o [07] VII,"København (Copenhagen), Det kongelige Bibliotek Slotsholmen, Gl. Kgl. S. 3449 8o [07] VII"
DK-Kk,Gl. Kgl. S. 3449 8o [08] VIII,"København (Copenhagen), Det kongelige Bibliotek Slotsholmen, Gl. Kgl. S. 3449 8o [08] VIII"
DK-Kk,Gl. Kgl. S. 3449 8o [09] IX,"København (Copenhagen), Det kongelige Bibliotek Slotsholmen, Gl. Kgl. S. 3449 8o [09] IX"
DK-Kk,Gl. Kgl. S. 3449 8o [10] X,"København (Copenhagen), Det kongelige Bibliotek Slotsholmen, Gl. Kgl. S. 3449 8o [10] X"
DK-Kk,Gl. Kgl. S. 3449 8o [11] XI,"København (Copenhagen), Det kongelige Bibliotek Slotsholmen, Gl. Kgl. S. 3449 8o [11] XI"
DK-Kk,Gl. Kgl. S. 3449 8o [12] XII,"København (Copenhagen), Det kongelige Bibliotek Slotsholmen, Gl. Kgl. S. 3449 8o [12] XII"
DK-Kk,Gl. Kgl. S. 3449 8o [13] XIII,"København (Copenhagen), Det kongelige Bibliotek Slotsholmen, Gl. Kgl. S. 3449 8o [13] XIII"
DK-Kk,Gl. Kgl. S. 3449 8o [14] XIV,"København (Copenhagen), Det kongelige Bibliotek Slotsholmen, Gl. Kgl. S. 3449 8o [14] XIV"
DK-Kk,Gl. Kgl. S. 3449 8o [15] XV,"København (Copenhagen), Det kongelige Bibliotek Slotsholmen, Gl. Kgl. S. 3449 8o [15] XV"
DK-Kk,Gl. Kgl. S. 3449 8o [16] XVI,"København (Copenhagen), Det kongelige Bibliotek Slotsholmen, Gl. Kgl. S. 3449 8o [16] XVI"
DK-Kk,Gl. Kgl. S. 3449 8o [17] XVII,"København (Copenhagen), Det kongelige Bibliotek Slotsholmen, Gl. Kgl. S. 3449 8o [17] XVII"
DK-Kk,"Gl. Kgl. S. 3449, 8o [01] I","København (Copenhagen), Det kongelige Bibliotek Slotsholmen, Gl. Kgl. S. 3449, 8o [01] I"
E-Mn,19421,"Madrid, Biblioteca Nacional, 19421"
E-Mn,288,"Madrid, Biblioteca Nacional, 288"
E-Mn,289,"Madrid, Biblioteca Nacional, 289"
E-Mn,V.20-4,"Madrid, Biblioteca Nacional, V.20-4"
E-SA,5,"Salamanca, Catedral - Archivo Musical, 5"
E-SA,6,"Salamanca, Catedral - Archivo Musical, 6"
E-SA,7,"Salamanca, Catedral - Archivo Musical, 7"
E-SA,8,"Salamanca, Catedral - Archivo Musical, 8"
E-Tc,44.1,"Toledo, Catedral - Archivo y Biblioteca Capitulares, 44.1"
E-Tc,44.2,"Toledo, Catedral - Archivo y Biblioteca Capitulares, 44.2"
E-Tc,ms 35.10,"Toledo, Catedral - Archivo y Biblioteca Capitulares, ms 35.10"
E-Tc,ms 52.11,"Toledo, Catedral - Archivo y Biblioteca Capitulares, ms 52.11"
E-ZAahp,AHP 'Book 1',"Zamora, Archivo Histórico Provincial de Zamora, AHP 'Book 1'"
EC-Qsf,18P16,"Quito, Iglesia de San Francisco - Archivo, 18P16"
EC-Qsf,4,"Quito, Iglesia de San Francisco - Archivo, 4"
EC-Qsf,8,"Quito, Iglesia de San Francisco - Archivo, 8"
F-AI,44,"Albi, Bibliothèque municipale Rochegude, 44"
F-AN,144 (136),"Angers, Bibliothèque municipale, 144 (136)"
F-AS,"437, (1011)","Arras, Bibliothèque municipale, 437, (1011)"
F-AS,"444 (888, sic in AH)","Arras, Bibliothèque municipale, 444 (888, sic in AH)"
F-AS,465 (CGM 893),"Arras, Mediathèque de l'Abbaye Saint-Vaast, 465 (CGM 893)"
F-AUT,28 S,"Autun, Bibliothèque municipale, 28 S"
F-CA,38 (olim 40),"Cambrai, Bibliothèque municipale, 38 (olim 40)"
F-CA,75,"Cambrai, Bibliothèque municipale, 75"
F-CA,Impr. XVI C 4,"Cambrai, Bibliothèque municipale, Impr. XVI C 4"
F-CA,ms 60,"Cambrai, Bibliothèque municipale, ms 60"
F-CA,ms 78(79),"Cambrai, Bibliothèque municipale, ms 78(79)"
F-CHRm,520 (destroyed),"Chartres, Bibliothèque municipale, 520 (destroyed)"
F-CHRm,Ms47,"Chartres, Bibliothèque municipale, Ms47"
F-CO,409,"Colmar, Bibliothèque municipale, 409"
F-DOU,113,"Douai, Bibliothèque municipale, 113"
F-DOU,114,"Douai, Bibliothèque municipale, 114"
F-DOU,69,"Douai, Bibliothèque municipale, 69"
F-DOU,ms. 123,"Douai, Bibliothèque municipale, ms. 123"
F-DOU,ms. 124,"Douai, Bibliothèque municipale, ms. 124"
F-G,ms. 867 (91),"Grenoble, Bibliothèque Municipale, ms. 867 (91)"
F-LA,ms 263,"Laon, Bibliothèque municipale, ms 263"
F-LG,2 (17),"Limoges, Bibliothèque municipale, 2 (17)"
F-LM,437,"Le Mans, Bibliotheque municipale, 437"
F-ME,ms 452,"Metz, Bibliothèque municipale,  ms 452"
F-MO,20,"Montpellier, Bibliotheque municipale, 20"
F-O,129 (107),"Orléans, Bibliothèque municipale, 129 (107)"
F-O,Ms. 64 (61),"Orléans, Bibliothèque municipale, Ms. 64 (61)"
F-PR,12,"Provins, Bibliothèque municipale, 12"
F-Pm,526,"Paris, Bibliotheque Mazarine, 526"
F-Pn,1107,"Paris, Bibliothèque nationale, 1107"
F-Pn,12054,"Paris, Bibliothèque Nationale de France, 12054"
F-Pn,Lat. 1137,"Paris, Bibliothèque nationale, Lat. 1137"
F-Pn,Lat. 1138 & 1338,"Paris, Bibliothèque nationale, Lat. 1138 & 1338"
F-Pn,Lat. 1139,"Paris, Bibliotheque nationale, Lat. 1139"
F-Pn,Lat. 1154,"Paris, Bibliothèque nationale, Lat. 1154"
F-Pn,Lat. 1240,"Paris, Bibliothèque nationale, Lat. 1240"
F-Pn,Lat. 13254,"Paris, Bibliothèque nationale, Lat. 13254"
F-Pn,Lat. 17312,"Paris, Bibliothèque nationale, Lat. 17312"
F-Pn,Lat. 17436,"Paris, Bibliothèque nationale, Lat. 17436"
F-Pn,Latin 1085,"Paris, Bibliothèque nationale de France - Département des Manuscrits, Latin 1085"
F-Pn,Latin 1090,"Paris, Bibliothèque nationale de France - Département des Manuscrits, Latin 1090"
F-Pn,Latin 1112,"Paris, Bibliothèque nationale de France - Département des manuscrits, Latin 1112"
F-Pn,"Latin 11411, ff. 37-38","Paris, Bibliothèque nationale de France, Latin 11411, ff. 37-38"
F-Pn,Latin 12044,"Paris, Bibliothèque nationale de France - Département des Manuscrits, Latin 12044"
F-Pn,Latin 1240,"Paris, Bibliothèque nationale de France - Département des Manuscrits, Latin 1240"
F-Pn,Latin 12601,"Paris, Bibliothèque nationale de France - Département des Manuscrits, Latin 12601"
F-Pn,Latin 15181,"Paris, Bibliothèque nationale de France - Département des Manuscrits, Latin 15181"
F-Pn,Latin 15182,"Paris, Bibliothèque nationale de France - Département des Manuscrits, Latin 15182"
F-Pn,Latin 776,"Paris, Bibliothèque Nationale de France, Latin 776"
F-Pn,Latin 776,"Paris, Bibliothèque nationale de France - Département des Manuscrits, Latin 776"
F-Pn,Latin 8884,"Paris, Bibliothèque Nationale de France, Latin 8884"
F-Pn,Latin 943,"Paris, Bibliothèque nationale de France - Département des manuscrits, Latin 943"
F-Pn,"Latin 9488, ff. 33-37","Paris, Bibliothèque nationale de France, Latin 9488, ff. 33-37"
F-Pn,"Latin 9488, ff.42-45","Paris, Bibliothèque nationale de France, Latin 9488, ff.42-45"
F-Pn,Ms. lat. 776  (olim Colbert 873 ; Regius 3661),"Paris, Bibliothèque nationale de France, Ms. lat. 776  (olim Colbert 873 ; Regius 3661)"
F-Pn,NAL 1411,"Paris, Bibliothèque nationale de France - Département des manuscrits, NAL 1411"
F-Pn,NAL 1412,"Paris, Bibliothèque nationale de France - Département des Manuscrits, NAL 1412"
F-Pn,NAL 1535,"Paris, Bibliothèque nationale de France - Département des Manuscrits, NAL 1535"
F-Pn,"NAL 2318, ff. 79-80","Paris, Bibliothèque nationale de France, NAL 2318, ff. 79-80"
F-Pn,"NAL 2444, f. 50","Paris, Bibliothèque nationale de France - Département des manuscrits, NAL 2444, f. 50"
F-Pn,"NAL 2444, f.60","Paris, Bibliothèque nationale de France, NAL 2444, f.60"
F-Pn,"NAL 2444, ff. 1-2","Paris, Bibliothèque nationale de France - Département des manuscrits, NAL 2444, ff. 1-2"
F-Pn,"NAL 2444, ff. 21-24","Paris, Bibliothèque nationale de France, NAL 2444, ff. 21-24"
F-Pn,"NAL 2444, ff. 32-33","Paris, Bibliothèque nationale de France, NAL 2444, ff. 32-33"
F-Pn,"NAL 2444, ff. 53-55","Paris, Bibliothèque nationale de France, NAL 2444, ff. 53-55"
F-Pn,"NAL 2444, ff. 7-8, 62-65","Paris, Bibliothèque nationale de France, NAL 2444, ff. 7-8, 62-65"
F-Pn,"NAL 2444, ff. 9-13","Paris, Bibliothèque nationale de France, NAL 2444, ff. 9-13"
F-Pn,"NAL 2482, f. 5","Paris, Bibliothèque nationale de France, NAL 2482, f. 5"
F-Pn,"NAL 2482, ff. 7-16","Paris, Bibliothèque nationale de France, NAL 2482, ff. 7-16"
F-Pn,fond lat. 1084,"Paris, Bibliothèque nationale, fond lat. 1084"
F-Pn,fond lat. 1118,"Paris, Bibliothèque nationale, fond lat. 1118"
F-Pn,fond lat. 1121,"Paris, Bibliothèque nationale, fond lat. 1121"
F-Pn,fond lat. 887,"Paris, Bibliothèque nationale, fond lat. 887"
F-Pn,fond lat. 909,"Paris, Bibliothèque nationale, fond lat. 909"
F-Pn,fonds lat. 10508,"Paris, Bibliothèque nationale, fonds lat. 10508"
F-Pn,fonds lat. 10587,"Paris, Bibliothèque nationale, fonds lat. 10587"
F-Pn,fonds lat. 9448,"Paris, Bibliothèque nationale, fonds lat. 9448"
F-Pn,lat. 10510,"Paris, Bibliothèque nationale, lat. 10510"
F-Pn,lat. 10513,"Paris, Bibliothèque nationale, lat. 10513"
F-Pn,lat. 1086,"Paris, Bibliothèque nationale, lat. 1086"
F-Pn,lat. 1101,"Paris, Bibliothèque nationale, lat. 1101"
F-Pn,lat. 1120,"Paris, Bibliothèque nationale, lat. 1120"
F-Pn,lat. 1132,"Paris, Bibliothèque nationale, lat. 1132"
F-Pn,lat. 1133,"Paris, Bibliothèque nationale, lat. 1133"
F-Pn,lat. 1134,"Paris, Bibliothèque nationale, lat. 1134"
F-Pn,lat. 1135,"Paris, Bibliothèque nationale,  lat. 1135"
F-Pn,lat. 1136,"Paris, Bibliothèque nationale, lat. 1136"
F-Pn,lat. 779,"Paris, Bibliothèque nationale, lat. 779"
F-Pn,lat. 903,"Paris, Bibliothèque nationale, lat. 903"
F-Pn,lat. 904,"Paris, Bibliothèque nationale, lat. 904"
F-Pn,lat. 905,"Paris, Bibliothèque nationale, lat. 905"
F-Pn,lat. 9436,"Paris, Bibliothèque nationale, lat. 9436"
F-Pn,lat. 9449,"Paris, Bibliothèque nationale, lat. 9449"
F-Pn,nouv. acq. 1618,"Paris, Bibliothèque nationale, nouv. acq. 1618"
F-Pn,nouv. acq. lat. 1177,"Paris, Bibliothèque nationale, nouv. acq. lat. 1177"
F-Pn,nouv. acq. lat. 1235,"Paris, Bibliothèque nationale, nouv. acq. lat. 1235"
F-Pn,nouv. acq. lat. 1871,"Paris, Bibliothèque nationale, nouv. acq. lat. 1871"
F-Pn,nouv. acq. lat. 3126,"Paris, Bibliothèque nationale, nouv. acq. lat. 3126"
F-R,248 (olim  A. 339),"Rouen, Bibliothèque municipale, 248 (olim  A. 339)"
F-R,ms 249 (A. 280),"Rouen, Bibliothèque municipale, ms 249 (A. 280)"
F-RS,224,"Reims, Bibliothèque municipale, 224"
F-RS,227 (122),"Reims, Bibliothèque municipale, 227 (122)"
F-RS,285 (169),"Reims, Bibliothèque municipale, 285 (169)"
F-SO,596 (The Wilton Processional),"Solesmes, Abbaye de Saint-Pierre, 596 (The Wilton Processional)"
F-T,571,"Troyes, Bibliothèque municipale, 571"
F-TOm,149,"Tours, Bibliothèque municipale, 149"
F-VAL,114,"Valenciennes, Bibliothèque municipale, 114"
F-VN,759,"Verdun, Bibliothèque Municipale, 759"
FIN-Hy,F.m.I.17,"Helsinki, National Library, F.m.I.17"
FIN-Hy,F.m.I.234,"Helsinki, National Library, F.m.I.234"
FIN-Hy,F.m.I.240,"Helsinki, National Library, F.m.I.240"
FIN-Hy,F.m.I.242,"Helsinki, National Library, F.m.I.242"
FIN-Hy,F.m.I.243,"Helsinki, National Library, F.m.I.243"
FIN-Hy,F.m.I.244,"Helsinki, National Library, F.m.I.244"
FIN-Hy,F.m.I.248,"Helsinki, National Library, F.m.I.248"
FIN-Hy,F.m.I.250,"Helsinki, National Library, F.m.I.250"
FIN-Hy,F.m.I.251,"Helsinki, National Library, F.m.I.251"
FIN-Hy,F.m.I.252,"Helsinki, National Library, F.m.I.252"
FIN-Hy,F.m.I.254,"Helsinki, National Library, F.m.I.254"
FIN-Hy,F.m.I.26,"Helsinki, National Library, F.m.I.26"
FIN-Hy,F.m.I.29,"Helsinki, National Library, F.m.I.29"
FIN-Hy,F.m.I.85,"Helsinki, National Library, F.m.I.85"
FIN-Hy,F.m.I.86,"Helsinki, National Library, F.m.I.86"
FIN-Hy,F.m.II.44,"Helsinki, National Library, F.m.II.44"
FIN-Hy,F.m.IV.132,"Helsinki, National Library, F.m.IV.132"
FIN-Hy,MS A.ö.II.41,"Helsinki, National Library, MS A.ö.II.41"
GB-AB,20541 E,"Aberystwyth, Llyfrgell Genedlaethol Cymru (National Library of Wales), 20541 E"
GB-Ccc,473,"Cambridge, Corpus Christi College, 473"
GB-Ccc,MS. 146,"Cambridge, Corpus Christi College, MS. 146"
GB-Cfm,MS 369,"Cambridge, Fitzwilliam Museum, MS 369"
GB-Cu,Mm.ii.9,"Cambridge, University Library, Mm.ii.9"
GB-Cu,additional 710,"Cambridge, University Library, additional 710"
GB-LEc,F-njql,"Leeds, Central Library, F-njql"
GB-LEc,F-rc2m,"Leeds, Central Library, F-rc2m"
GB-LVu,Inc.P12/C Antiphoner,"Liverpool, Liverpool University Library Special Collections & Archives, Inc.P12/C Antiphoner"
GB-LVu,MS.Ed.7-10,"Liverpool, Liverpool University Library Special Collections & Archives, MS.Ed.7-10"
GB-Lbl,Add. 19768t,"London, British Library, Add. 19768t"
GB-Lbl,Additional 23935,"London, British Library, Additional 23935"
GB-Lbl,"Additional Collection, MS. 57337","London, British Library, Additional Collection, MS. 57337"
GB-Lbl,Additional MSS 43405 and 43406,"London, British Library, Additional MSS 43405 and 43406"
GB-Lbl,Cotton MS Caligula A.xiv,"London, British Library, Cotton MS Caligula A.xiv"
GB-Lbl,Royal 2.B.IV,"London, British Library, Royal 2.B.IV"
GB-Lbl,Royal 8 C. XIII,"London, British Library, Royal 8 C. XIII"
GB-Lbl,add. 11414,"London, British Library, add. 11414"
GB-Lbl,add. 12194,"London, British Library, add. 12194"
GB-Lbl,add. 16905,"London, British Library, add. 16905"
GB-Lbl,add. 18031,"London, British Library, add. 18031"
GB-Lbl,add. 18032,"London, British Library, add. 18032"
GB-Lbl,add. 19768,"London, British Library, add. 19768"
GB-Lbl,add. 24680,"London, British Library, add. 24680"
GB-Lbl,"printed book IB.6753 (Augsburg Antiphoner 1495, olim AA Impr. 1495)","London, British Library, printed book IB.6753 (Augsburg Antiphoner 1495, olim AA Impr. 1495)"
GB-NTu,ROB405,"Newcastle upon Tyne, Philip Robinson Library, ROB405"
GB-Ob,MS. Bodley 775,"Oxford, Bodleian Library, MS. Bodley 775"
GB-Ob,MS. Canon. Liturg. 202,"Oxford, Bodleian Library, MS. Canon. Liturg. 202"
GB-Ob,MS. Canon. Liturg. 340,"Oxford, Bodleian Library, MS. Canon. Liturg. 340"
GB-Ob,MS. Canon. Liturg. 341,"Oxford, Bodleian Library, MS. Canon. Liturg. 341"
GB-Ob,MS. Canon. Liturg. 354,"Oxford, Bodleian Library, MS. Canon. Liturg. 354"
GB-Ob,MS. Douce 222,"Oxford, Bodleian Library, MS. Douce 222"
GB-Ob,MS. Lat. liturg. b. 14,"Oxford, Bodleian Library, MS. Lat. liturg. b. 14"
GB-Ob,MS. Lat. liturg. b. 5,"Oxford, Bodleian Library, MS. Lat. liturg. b. 5"
GB-Ob,MS. Lat. liturg. e. 13,"Oxford, Bodleian Library, MS. Lat. liturg. e. 13"
GB-Ob,MS. Laud Misc. 284,"Oxford, Bodleian Library, MS. Laud Misc. 284"
GB-Ob,MS. Selden Supra 27,"Oxford, Bodleian Library, MS. Selden Supra 27"
GB-Ojec,MS. 4,"Oxford, Jesus College, MS. 4"
GB-WO,F.160 (olim 1247) (facsimile),"Worcester, Cathedral - Music Library, F.160 (olim 1247) (facsimile)"
GB-WO,F.160 (olim 1247) (with hymnal),"Worcester, Cathedral - Music Library, F.160 (olim 1247) (with hymnal)"
H-Ba,T 174,"Budapest, Magyar Tudományos Akadémia Könyvtár és Információs Központ, T 174"
H-Bu,lat. 118,"Budapest, Egyetemi Könyvtár (University Library), lat. 118"
H-Bu,lat. 119,"Budapest, Egyetemi Könyvtár (University Library), lat. 119"
H-Bu,lat. 121,"Budapest, Egyetemi Könyvtár (University Library), lat. 121"
H-Bu,lat. 122,"Budapest, Egyetemi Könyvtár (University Library), lat. 122"
HR-Dsmbb,Codex Badija III,"Dubrovnik, Franjevacki samostan, Codex Badija III"
HR-Dsmbb,Codex Badija V,"Dubrovnik, Franjevacki samostan, Codex Badija V"
HR-Dsmbb,Codex Badija X,"Dubrovnik, Franjevacki samostan, Codex Badija X"
HR-Dsmbb,Codex Badija XI,"Dubrovnik, Franjevacki samostan, Codex Badija XI"
HR-Hf,Cod. C Nr. 4,"Dubrovnik, Franjevački Samostan (Franciscan Monastery), Cod. C Nr. 4"
HR-Hf,Cod. D Nr. 5,"Dubrovnik, Franjevački Samostan (Franciscan Monastery), Cod. D Nr. 5"
HR-Hf,Cod. E Nr. 3,"Dubrovnik, Franjevački Samostan (Franciscan Monastery), Cod. E Nr. 3"
HR-Hf,Cod. F Nr. 6,"Dubrovnik, Franjevački Samostan (Franciscan Monastery), Cod. F Nr. 6"
HR-Zmk,MR 72,"Zagreb, Metropolitanska Knjižnica, MR 72"
HR-ŠIBf,sine signo,"Šibenik, Franciscan Monastery, sine signo"
I-AO,6,"Aosta, Seminario Maggiore - Biblioteca, 6"
I-AO,Cod. 11,"Aosta, Biblioteca del Seminario Maggiore, Cod. 11"
I-AO,Cod. 13,"Aosta, Biblioteca del Seminario Maggiore, Cod. 13"
I-Ac,693,"Assisi, Biblioteca Comunale, 693"
I-Ac,694,"Assisi, Biblioteca Comunale, 694"
I-Ac,695,"Assisi, Biblioteca Comunale, 695"
I-Ad,5,"Assisi, Cattedrale San Rufino - Archivio e Biblioteca, 5"
I-BAca,(199),"Bari, Biblioteca Capitolare, (199)"
I-BV,V 19,"Benevento, Biblioteca capitolare, V 19"
I-BV,V 20,"Benevento, Biblioteca capitolare, V 20"
I-BV,VI 34,"Benevento, Biblioteca capitolare, VI 34"
I-BV,VI 35,"Benevento, Biblioteca capitolare, VI 35"
I-BV,VI 39,"Benevento, Biblioteca capitolare, VI 39"
I-BV,cod. VI 38,"Benevento, Biblioteca capitolare, cod. VI 38"
I-Bu,2748,"Bologna, Biblioteca universitaria, 2748"
I-Bu,2824,"Bologna, Biblioteca universitaria, 2824"
I-CF,LVI,"Cividale del Friuli, Archivio Capitolare, LVI"
I-CF,LVIII,"Cividale del Friuli, Archivio Capitolare, LVIII"
I-CFm,LVI,"Cividale, Museo Archeologico Nazionale, LVI"
I-CHV,s.c.,"Chiavenna, Tesoro della Collegiata di S. Lorenzo - Museo Capitolare, s.c."
I-Far,s.c.,"Firenze (Florence), Arcivescovado - Biblioteca, s.c."
I-Fl,Conv. sopp. 560,"Firenze (Florence), Biblioteca Medicea-Laurenziana, Conv. sopp. 560"
I-INp,ms 5,"Intra, Archivio Parrocchiale, ms 5"
I-IV,60,"Ivrea, Biblioteca capitolare, 60"
I-Lc,601,"Lucca, Biblioteca Capitolare Feliniana e Biblioteca Arcivescovile, 601"
I-Lcr,MS 5,"Lucca, Biblioteca Arcivescovile, MS 5"
I-MC,542,"Montecassino, Monumento Nazionale di Montecassino - Biblioteca, 542"
I-MOd,"O,I.16","Modena, Biblioteca capitolare, O,I.16"
I-MOd,O. I. 7,"Modena, Biblioteca capitolare, O. I. 7"
I-MZ,15/79,"Monza, Biblioteca capitolare, 15/79"
I-MZ,c. 13/76,"Monza, Biblioteca capitolare, c. 13/76"
I-MZ,c. 14/77,"Monza, Biblioteca capitolare, c. 14/77"
I-Mb,AE XIV 12,"Milano, Biblioteca nazionale Braidense, AE XIV 12"
I-Nn,VI.g.38,"Naples, Biblioteca Nazionale Vittorio Emanuele III, VI.g.38"
I-Nn,XVI AA 39,"Naples, Biblioteca Nazionale Vittorio Emanuele III, XVI AA 39"
I-Nn,vi. E. 20,"Naples, Biblioteca Nazionale Vittorio Emanuele III, vi. E. 20"
I-PCd,65,"Piacenza, Archivio e Biblioteca Capitolare della Cattedrale, 65"
I-PCd,cod. 65,"Piacenza, Archivio e Biblioteca Capitolare della Cattedrale, cod. 65"
I-PS,121,"Pistoia, Biblioteca capitolare, 121"
I-Pc,A. 47,"Padova, Biblioteca Capitolare, A. 47"
I-Pc,B16*,"Padova, Biblioteca Capitolare, B16*"
I-Pc,MS C.55,"Padova, Biblioteca Capitolare, MS C.55"
I-Ps,697,"Padova, Biblioteca del Seminario vescovile, 697"
I-Ps,697,"Padova, Biblioteca del Seminario vescovile, 697"
I-Ra,123,"Roma, Biblioteca Angelica, 123"
I-Rn,1343,"Roma, Biblioteca nazionale, 1343"
I-Rss,XIV L1,"Rome, Santa Sabina - Archivum Generale Ordinis Praedicatorum, XIV L1"
I-Rss,"XIV L1 (""Humbert"" codex)","Rome, Santa Sabina - Archivum Generale Ordinis Praedicatorum, XIV L1 (""Humbert"" codex)"
I-Rv,C.5,"Roma, Biblioteca Vallicelliana, C.5"
I-SCHc,cod. 10 (E),"Schio, Biblioteca Civica, cod. 10 (E)"
I-Tn,F. IV. 18,"Torino, Biblioteca nazionale, F. IV. 18"
I-Tn,G. V. 20,"Torino, Biblioteca nazionale, G. V. 20"
I-UDs,Codice 7,"Udine, Biblioteca del Seminario Arcivescovile, Codice 7"
I-VCd,146,"Vercelli, Biblioteca Capitolare, 146"
I-VCd,161,"Vercelli, Biblioteca Capitolare, 161"
I-VCd,162,"Vercelli, Biblioteca Capitolare, 162"
I-VCd,CLXX,"Vercelli, Biblioteca Capitolare, CLXX"
I-VCd,LXII,"Vercelli, Biblioteca Capitolare, LXII"
I-VCd,LXIV,"Vercelli, Biblioteca Capitolare, LXIV"
I-VCd,LXX,"Vercelli, Biblioteca Capitolare, LXX"
I-VCd,LXXIX,"Vercelli, Biblioteca Capitolare, LXXIX"
I-VCd,XXXVII,"Vercelli, Biblioteca Capitolare, XXXVII"
I-VEcap,CVII [107],"Verona, Biblioteca Capitolare, CVII [107]"
I-VEcap,XC (85),"Verona, Biblioteca Capitolare, XC (85)"
I-Vlevi,CF D 21,"Venezia, Biblioteca della Fondazione Ugo e Olga Levi “Gianni Milner”, CF D 21"
I-Vnm,RARI VEN. 709,"Venezia, Biblioteca Nazionale Marciana, RARI VEN. 709"
I-Vnm,Rari Ven. 710-713,"Venezia, Biblioteca Nazionale Marciana, Rari Ven. 710-713"
I-Vnm,Rari Ven. 711,"Venezia, Biblioteca Nazionale Marciana, Rari Ven. 711"
IRL-Dsa,Box 41 #38,"Dublin, Royal Society of Antiquaries of Ireland, Box 41 #38"
IRL-Dtc,78,Trinity College Dublin
IRL-Dtc,ms 100,"Dublin, Trinity College, ms 100"
IRL-Dtc,ms 81,"Dublin, Trinity College, ms 81"
N-Ora,Ms.lat.fragm. 11 Antiphonarium,"Oslo, Norwegian Riks Arkivet, Ms.lat.fragm. 11 Antiphonarium"
N-Ora,Ms.lat.fragm. 15,"Oslo, Norwegian Riks Arkivet, Ms.lat.fragm. 15"
NL-At,206 A 11,"Amsterdam, Toonkunst-Bibliotheek, 206 A 11"
NL-Au,I. A. 8,"Amsterdam, Universiteitsbibliotheek, I. A. 8"
NL-Au,I. C. 17,"Amsterdam, Universiteitsbibliotheek, I. C. 17"
NL-D,10 T 3,"Deventer, Athenaeum-Bibliotheek, 10 T 3"
NL-D,11 L 2,"Deventer, Athenaeum-Bibliotheek, 11 L 2"
NL-DHk,128 D 29,"Den Haag, Koninklije Bibliotheek, 128 D 29"
NL-DHk,70 E 4,"Den Haag, Koninklije Bibliotheek, 70 E 4"
NL-DHk,71 A 21,"Den Haag, Koninklije Bibliotheek, 71 A 21"
NL-DHk,76 D 14,"Den Haag, Koninklije Bibliotheek, 76 D 14"
NL-DHk,76 E 18,"Den Haag, Koninklije Bibliotheek, 76 E 18"
NL-DHk,76 E 2,"Den Haag, Koninklije Bibliotheek, 76 E 2"
NL-DHk,78 A 33,"Den Haag, Koninklije Bibliotheek, 78 A 33"
NL-DHk,KB  71 A 4,"Den Haag, Koninklije Bibliotheek, KB  71 A 4"
NL-Hbm,BMH h 20,"Haarlem, Bischopse Museum, BMH h 20"
NL-Hs,184 C 1,"Haarlem, Stadsbibliotheek, 184 C 1"
NL-Hs,184 C 2,"Haarlem, Stadsbibliotheek, 184 C 2"
NL-Hs,184 C 7,"Haarlem, Stadsbibliotheek, 184 C 7"
NL-Hs,187 C 17,"Haarlem, Stadsbibliotheek, 187 C 17"
NL-Lu,BPL 2777,"Leiden, Universiteitsbibliotheek, BPL 2777"
NL-Lu,BPL 2879,"Leiden, Universiteitsbibliotheek, BPL 2879"
NL-SHae,216-02,"’s-Hertogenbosch , Erfgoed 's-Hertogenbosch (Stadsarchief)- Archiefnummer 1117 (Oude werken Sint-Jan), 216-02"
NL-Ur,Nr. 166-41,"Utrecht, Rijksarchief - Rechterlijke archieven vóór1811, Nr. 166-41"
NL-Urc,ABM h 62,"Utrecht, Catharijneconvent, ABM h 62"
NL-Urc,BMH Warm h 92 H 1,"Utrecht, Catharijneconvent, BMH Warm h 92 H 1"
NL-Urc,BMH h 8,"Utrecht, Catharijneconvent, BMH h 8"
NL-Urc,BMH h. 149,"Utrecht, Catharijneconvent, BMH h. 149"
NL-Urc,BMH h. 21,"Utrecht, Catharijneconvent,  BMH h. 21"
NL-Uu,402 (V. A. 13),"Utrecht, Universiteitsbibliotheek, 402 (V. A. 13)"
NL-Uu,403 (VIII. B. 2),"Utrecht, Universiteitsbibliotheek, 403 (VIII. B. 2)"
NL-Uu,405 (III. K. 3),"Utrecht, Universiteitsbibliotheek, 405 (III. K. 3)"
NL-Uu,407 (3 J 6),"Utrecht, Universiteitsbibliotheek, 407 (3 J 6)"
NL-Uu,413,"Utrecht, Universiteitsbibliotheek, 413"
NL-Uu,415 (VI. A. 1),"Utrecht, Universiteitsbibliotheek, 415 (VI. A. 1)"
NL-Uu,417 (5. C. 19),"Utrecht, Universiteitsbibliotheek, 417 (5. C. 19)"
NL-Uu,MS 406 (shelfmark 3 J 7),"Utrecht, Universiteitsbibliotheek, MS 406 (shelfmark 3 J 7)"
NL-Uu,Ms. 406 (shelfmark 3 J 7),"Utrecht, Universiteitsbibliotheek, Ms. 406 (shelfmark 3 J 7)"
NL-Uu,Ms. fr. 4.3,"Utrecht, Universiteitsbibliotheek, Ms. fr. 4.3"
NL-ZUa,2,"Zutphen, Stadsarchief en Stedelijke Bibliotheek, 2"
NL-ZUa,6,"Zutphen, Stadsarchief en Stedelijke Bibliotheek, 6"
NZ-Wt,MSR-03,"Wellington (New Zealand), The Alexander Turnbull Library - Rare Books, MSR-03"
P-BRp,1,"Braga, Biblioteca Pública, 1"
P-BRp,ADB 949 (Braga Codex),"Braga, Biblioteca Pública, ADB 949 (Braga Codex)"
P-BRs,18,"Braga, Arquivo da Sé, 18"
P-BRs,23,"Braga, Arquivo da Sé, 23"
P-BRs,"Antiphoner from the Cathedral of Braga, nº32","Braga, Arquivo da Sé, Antiphoner from the Cathedral of Braga, nº32"
P-Cug,MM45,"Coimbra, Biblioteca Geral da Universidade, MM45"
P-LA,1084 4-b,"Lamego, Arquivo da Sé, 1084 4-b"
P-Pm,1151,"Porto, Biblioteca Municipal, 1151"
PL-GNd,149,"Gniezno, Archiwum Archidiecezjalne, 149"
PL-KIk,Ms. 1,"Kielce, Biblioteka Kapituły Katedralnej, Ms. 1"
PL-Kkar,Ms.1 (rkp. Perg. 12),"Kraków, Klastor OO. Karmelitów na Piasku (Carmelite Convent), Ms.1 (rkp. Perg. 12)"
PL-Kkar,Ms.2 (rkp. Perg. 14),"Kraków, Klastor OO. Karmelitów na Piasku (Carmelite Convent), Ms.2 (rkp. Perg. 14)"
PL-Kkar,Ms.3 (rkp. Perg. 15),"Kraków, Klastor OO. Karmelitów na Piasku (Carmelite Convent), Ms.3 (rkp. Perg. 15)"
PL-Kkar,Ms.4 (rkp. Perg. 20),"Kraków, Klastor OO. Karmelitów na Piasku (Carmelite Convent), Ms.4 (rkp. Perg. 20)"
PL-Kkar,Ms.5 (rkp. Perg. 13),"Kraków, Klastor OO. Karmelitów na Piasku (Carmelite Convent), Ms.5 (rkp. Perg. 13)"
PL-WRu,I F 401,"Wroclaw, Biblioteka Uniwersytecka, I F 401"
PL-WRu,IV.Q.81,"Wroclaw, Biblioteka Uniwersytecka, IV.Q.81"
PL-WRu,Ms. R 503,"Wroclaw, Biblioteka Uniwersytecka, Ms. R 503"
PL-WRzno,Rkp. 12025/IV,"Wrocław, Zakład Narodowy im. Ossolińskich - Biblioteka, Rkp. 12025/IV"
RO-Ca,BMV R.12,"Cluj-Napoca, Biblioteca Academiei Române, BMV R.12"
RO-Ca,F. 45047,"Cluj-Napoca, Biblioteca Academiei Române, F. 45047"
S-UMsdl,Ink. 4,"Umeå, University Library, Ink. 4"
S-UMsdl,Östergren F 00648: 1-3,"Umeå, University Library, Östergren F 00648: 1-3"
SI-Lna,18 (olim 17),"Ljubljana, Nadškofijski arhiv (Archiepiscopal Archives), 18 (olim 17)"
SI-Lna,19 (olim 18),"Ljubljana, Nadškofijski arhiv (Archiepiscopal Archives), 19 (olim 18)"
SK-BRa,EC.Lad.3,"Bratislava, State Archive Bratislava, EC.Lad.3"
SK-BRm,"EC Lad. 4, ba (Bratislava Antiphonary IIb)","Bratislava, Archív hlavného mesta SR Bratislavy, EC Lad. 4, ba (Bratislava Antiphonary IIb)"
T-NTCfj,"Book 1, Test - Chinese Catholic Plainchant","New Taipei City, Fu Jen University, Book 1, Test - Chinese Catholic Plainchant"
TR-Itks,Deissmann 42,"Istanbul, Topkapı Sarayı Müzesi, Deissmann 42"
US-AUS,21,"Austin, Harry Ransom Center, 21"
US-AUS,HRC 13,"Austin, Harry Ransom Center, HRC 13"
US-AUS,HRC 145,"Austin, Harry Ransom Center, HRC 145"
US-AUS,HRC Leaf A29,"Austin, Harry Ransom Center, HRC Leaf A29"
US-AUS,HRC Leaf A36,"Austin, Harry Ransom Center, HRC Leaf A36"
US-AUS,HRC Leaf A37,"Austin, Harry Ransom Center, HRC Leaf A37"
US-AUS,HRC Leaf A38,"Austin, Harry Ransom Center, HRC Leaf A38"
US-AUS,HRC Leaf A39,"Austin, Harry Ransom Center, HRC Leaf A39"
US-AUS,HRC Leaf A40,"Austin, Harry Ransom Center, HRC Leaf A40"
US-AUS,Leaf A 29,"Austin, Harry Ransom Center, Leaf A 29"
US-AUS,Leaf A 30,"Austin, Harry Ransom Center, Leaf A 30"
US-AUS,Leaf A 30,"Austin, Harry Ransom Center, Leaf A 30"
US-Augusta,GR/MS.020,"Augusta (GA), Augusta-Richmond County Library, GR/MS.020"
US-BAw,W 759,"Baltimore, Walters Art Museum, W 759"
US-BAw,W 760,"Baltimore, Walters Art Museum, W 760"
US-BM,50,"Bryn Mawr, Bryn Mawr College Special Collection, 50"
US-Bpr,RARE BKS MS pb Med. 156,"Boston, Boston Public Library, RARE BKS MS pb Med. 156"
US-CAh,MS typ 963,"Cambridge (MA), Harvard University - Houghton Library, MS typ 963"
US-CHNbcbl,MS.1996.097,"Chestnut Hill (MA), Boston College University Libraries - John J. Burns Library, MS.1996.097"
US-CON,CA 02,"Conception (MO), Conception Abbey and Seminary - Special Collections,  CA 02"
US-CON,CA 04,"Conception (MO), Conception Abbey and Seminary - Special Collections,  CA 04"
US-CON,CA 06,"Conception (MO), Conception Abbey and Seminary - Special Collections,  CA 06"
US-CON,CA 07,"Conception (MO), Conception Abbey and Seminary - Special Collections,  CA 07"
US-CON,CA 09,"Conception (MO), Conception Abbey and Seminary - Special Collections,  CA 09"
US-CON,CA 12,"Conception (MO), Conception Abbey and Seminary - Special Collections,  CA 12"
US-CON,CA 13,"Conception (MO), Conception Abbey and Seminary - Special Collections,  CA 13"
US-CON,CA 14,"Conception (MO), Conception Abbey and Seminary - Special Collections,  CA 14"
US-CON,CA 15,"Conception (MO), Conception Abbey and Seminary - Special Collections,  CA 15"
US-CON,CA 16,"Conception (MO), Conception Abbey and Seminary - Special Collections,  CA 16"
US-CON,CA 17,"Conception (MO), Conception Abbey and Seminary - Special Collections,  CA 17"
US-CON,CA 18,"Conception (MO), Conception Abbey and Seminary - Special Collections,  CA 18"
US-CON,CA 22,"Conception (MO), Conception Abbey and Seminary - Special Collections,  CA 22"
US-CON,CA 23,"Conception (MO), Conception Abbey and Seminary - Special Collections,  CA 23"
US-CON,CA 24,"Conception (MO), Conception Abbey and Seminary - Special Collections,  CA 24"
US-CON,CA 33,"Conception (MO), Conception Abbey and Seminary - Special Collections,  CA 33"
US-CPbl,9 (nzi0),"College Park, Booklab at University of Maryland, 9 (nzi0)"
"US-CPpa,",s.n.,"College Park (USA), University of Maryland - Michelle Smith Performing Arts Library, s.n."
US-Cai,1911.142b,"Chicago, Art Institute of Chicago - Mrs. William E. Kelley Collection, 1911.142b"
US-Cn,24,"Chicago, The Newberry Library, 24"
US-Cn,case 181,"Chicago, The Newberry Library, case 181"
US-Cn,case 59.1,"Chicago, The Newberry Library, case 59.1"
US-DN,D:03e8a,"Denton (USA), UNT College of Music Special Collections, D-03e8a"
US-DN,D:0aehq,"Denton (USA), UNT College of Music Special Collections, D-0aehq"
US-DN,D:0i04c,"Denton (USA), UNT College of Music Special Collections, D-0i04c"
US-DN,D:0pkgx,"Denton (USA), UNT College of Music Special Collections, D-0pkgx"
US-DN,D:0qcjh,"Denton (USA), UNT College of Music Special Collections, D-0qcjh"
US-HArscl,BX1876 .M37 1550,"Hanover (NH), Dartmouth College Library - Rare Books, BX1876 .M37 1550"
US-HArscl,Rauner Codex MS 003203,"Hanover (NH), Dartmouth College Library - Rare Books, Rauner Codex MS 003203"
US-HArscl,Rauner Incunabula 106,"Hanover (NH), Dartmouth College Library - Rare Books, Rauner Incunabula 106"
US-HArscl,Rauner Incunabula 162,"Hanover (NH), Dartmouth College Library - Rare Books, Rauner Incunabula 162"
US-IO,M2149.6 1475,"Iowa City, University of Iowa Rita Benton Music Library Rare Book Room, M2149.6 1475"
US-IOspca,"MSC0542, xMMS.Po1","Iowa City, University of Iowa Libraries Special Collections and Archives, MSC0542, xMMS.Po1"
US-KClbsc,M2147.C53 1500z,"Kansas City (MO), University of Missouri-Kansas City - LaBudde Special Collections - Miller Nichols Library, M2147.C53 1500z"
US-KClbsc,M2149.2 .V4 1629,"Kansas City (MO), University of Missouri-Kansas City - LaBudde Special Collections - Miller Nichols Library, M2149.2 .V4 1629"
US-KClbsc,MS 0285 - 5,"Kansas City (MO), University of Missouri-Kansas City - LaBudde Special Collections - Miller Nichols Library, MS 0285 - 5"
US-KClbsc,MS 0285 Object 1,"Kansas City (MO), University of Missouri-Kansas City - LaBudde Special Collections - Miller Nichols Library, MS 0285 Object 1"
US-KClbsc,MS 0285 Object 2,"Kansas City (MO), University of Missouri-Kansas City - LaBudde Special Collections - Miller Nichols Library, MS 0285 Object 2"
US-KClbsc,MS 0285 Object 3,"Kansas City (MO), University of Missouri-Kansas City - LaBudde Special Collections - Miller Nichols Library, MS 0285 Object 3"
US-KClbsc,MS 0285 Object 4,"Kansas City (MO), University of Missouri-Kansas City - LaBudde Special Collections - Miller Nichols Library, MS 0285 Object 4"
US-KClbsc,MS 0285 Object 5-6,"Kansas City (MO), University of Missouri-Kansas City - LaBudde Special Collections - Miller Nichols Library, MS 0285 Object 5-6"
US-LAgmmd,Ms. 64,"Los Angeles, J. Paul Getty Museum, Ms. 64"
US-Mu,BX1999.85.82 1562 Volume 1,"Milwaukee, Raynor Archive at Marquette University, BX1999.85.82 1562 Volume 1"
US-Mu,BX1999.85.82 1562 Volume 2,"Milwaukee, Raynor Archive at Marquette University, BX1999.85.82 1562 Volume 2"
US-Mu,BX1999.85.82 1562 Volume 3,"Milwaukee, Raynor Archive at Marquette University, BX1999.85.82 1562 Volume 3"
US-Mu,BX1999.85.82 1562 Volume 4,"Milwaukee, Raynor Archive at Marquette University, BX1999.85.82 1562 Volume 4"
US-Mu,BX1999.85.82 1562 Volume 9,"Milwaukee, Raynor Archive at Marquette University, BX1999.85.82 1562 Volume 9"
US-NDu,Lat. a. 12,"Notre Dame, University of Notre Dame - Music Library, Lat. a. 12"
US-NDu,lat. b.4,"Notre Dame, University of Notre Dame - Music Library, lat. b.4"
US-NYcub,Plimpton MS 034,"New York City (NY), Columbia University - Rare Book and Manuscript Library, Plimpton MS 034"
US-NYcub,Plimpton MS 041,"New York City (NY), Columbia University - Rare Book and Manuscript Library, Plimpton MS 041"
US-NYcub,Western MS 080,"New York, Butler Library, Western MS 080"
US-NYcub,Western MS 097,"New York City (NY), Columbia University - Rare Book and Manuscript Library, Western MS 097"
US-NYcubl,MS 1,"New York City (NY), Columbia University - Barnard College Library, MS 1"
US-PHf,Lewis E M 1:10,"Philadelphia, Free Library of Philadelphia, Lewis E M 1:10"
US-PHf,Lewis E M 1:16,"Philadelphia, Free Library of Philadelphia, Lewis E M 1:16"
US-PHf,Lewis E M 67:1,"Philadelphia, Free Library of Philadelphia, Lewis E M 67:1"
US-PHf,Lewis E M 67:2,"Philadelphia, Free Library of Philadelphia, Lewis E M 67:2"
US-PHf,Lewis E M 70:16,"Philadelphia, Free Library of Philadelphia, Lewis E M 70:16"
US-PRu,67.4,"Princeton, Princeton University Library, 67.4"
US-PRu,Garrett MS. 169,"Princeton, Princeton University Library, Garrett MS. 169"
US-PRu,Princeton MS. 245,"Princeton, Princeton University Library, Princeton MS. 245"
US-SLprl,D:05qz8,"St Louis, Peter H. Raven Library (Missouri Botanical Library), (no shelf-mark) D-05qz8"
US-SLprl,"QK41.F8 1542, c.2","St Louis, Peter H. Raven Library (Missouri Botanical Library), QK41.F8 1542, c.2"
US-STu,"M2223, Item 42","Stanford, Stanford University - Green Library - Department of Special Collections, M2223, Item 42"
US-STu,MSS CODEX 0734 FF,"Stanford, Stanford University - Green Library - Department of Special Collections, MSS CODEX 0734 FF"
US-WOau,4a,"Worcester (MA), Assumption University - D'Alzon Library, 4a"
US-WOau,4b,"Worcester (MA), Assumption University - D'Alzon Library, 4b"
US-WOau,4c,"Worcester (MA), Assumption University - D'Alzon Library, 4c"
US-Wc,M2.1 X M1,"Washington (D.C.), The Library of Congress - Music Division, M2.1 X M1"
US-Wc,M2.1 XI M1,"Washington (D.C.), The Library of Congress - Music Division,  M2.1 XI M1"
US-Wc,M2.1 XI M3,"Washington (D.C.), The Library of Congress - Music Division, M2.1 XI M3"
US-Wc,M2.1 XI M4 [formerly M2.1 XII M1],"Washington (D.C.), The Library of Congress - Music Division, M2.1 XI M4 [formerly M2.1 XII M1]"
US-Wc,M2.1 XI M5,"Washington (D.C.), The Library of Congress - Music Division, M2.1 XI M5"
US-Wc,M2.1 XI M6 [formerly M2.1 XII M8],"Washington (D.C.), The Library of Congress - Music Division, M2.1 XI M6 [formerly M2.1 XII M8]"
US-Wc,M2.1 XII M10,"Washington (D.C.), The Library of Congress - Music Division, M2.1 XII M10"
US-Wc,M2.1 XII M11 [formerly M2.1 XI M2],"Washington (D.C.), The Library of Congress - Music Division, M2.1 XII M11 [formerly M2.1 XI M2]"
US-Wc,M2.1 XII M12 [formerly M2.1 XIII M4],"Washington (D.C.), The Library of Congress - Music Division, M2.1 XII M12 [formerly M2.1 XIII M4]"
US-Wc,M2.1 XII M2,"Washington (D.C.), The Library of Congress - Music Division, M2.1 XII M2"
US-Wc,M2.1 XII M4,"Washington (D.C.), The Library of Congress - Music Division, M2.1 XII M4"
US-Wc,M2.1 XII M6,"Washington (D.C.), The Library of Congress - Music Division, M2.1 XII M6"
US-Wc,M2.1 XII M7,"Washington (D.C.), The Library of Congress - Music Division, M2.1 XII M7"
US-Wc,M2.1 XII M9,"Washington (D.C.), The Library of Congress - Music Division, M2.1 XII M9"
V-CVbav,Cappella Sistina 27,"Città del Vaticano, Biblioteca Apostolica Vaticana, Cappella Sistina 27"
V-CVbav,Reg. lat. 1529,"Città del Vaticano, Biblioteca Apostolica Vaticana, Reg. lat. 1529"
V-CVbav,Reg. lat. 318,"Città del Vaticano, Biblioteca Apostolica Vaticana, Reg. lat. 318"
V-CVbav,San Pietro B.79,"Città del Vaticano, Biblioteca Apostolica Vaticana, San Pietro B.79"
V-CVbav,Vat. lat. 5319,"Città del Vaticano, Biblioteca Apostolica Vaticana, Vat. lat. 5319"
V-CVbav,lat. 8737,"Città del Vaticano, Biblioteca Apostolica Vaticana, lat. 8737"
XX-NN,D-A/imp:1498,"Augsburg, Ratdolt, D-A/imp:1498 (Print)"
XX-NN,D-P/imp1511,"Passau:  Imp: Graduale Pataviense (Wien, 1511)"
XX-NN,D-WÜ/imp1583,Graduale Herbipolense iussu atque authoritate 
XX-NN,F-723s,"Unknown, Current Location Unknown, F-723s"
XX-NN,F-g8xi,"Unknown, Current Location Unknown, F-g8xi"
XX-NN,F-ppmq,"Unknown, Current Location Unknown, F-ppmq"
XX-NN,MA Impr. 1537,Münster Antiphoner (1537)
XX-NN,N-N.miss.imp.1519,Nidaros Missale
ZA-Csa,Grey 4c7,"Cape Town, National Library of South Africa, Grey 4c7"
,A-Ws Fragm. liturg. 20,
,A-Ws Fragm. liturg. 21,
,A-Ws Fragm. liturg. 26,
,A-Ws Fragm. liturg. 26,
,A-Ws Fragm. liturg. 50,
,A-Ws Fragm. liturg. 98,
,B-Br II. 3827,
,BEAUVAIS,Beauvais Missal
,D:00jf0,"McClean (USA), Private Collection, D-00jf0"
,D:016kc,"Bedford (USA), Private Collection, D-016kc"
,D:01d6t,"Oxford (UK), Private collections, D-01d6t"
,D:01oko,"London (Ontario), Private collections, D-01oko"
,D:02csu,"North Vancouver (British Columbia), Private collections, D:02csu"
,D:02fkm,"Halifax (Canada), Private collections, D-02fkm"
,D:02ka7,"Victoria, Private Collection, D-02ka7"
,D:02ryf,"Montreal (Quebec), Private collections, D-02ryf"
,D:03cfi,"New York (USA), Private collections, D-03cfi"
,D:03w1z,"Oxford (UK), Private collections, D-03w1z"
,D:04o0b,"Los Angeles, Private Collection, D-04o0b"
,D:04sqa,"Calgary, Private Collection, D-04sqa"
,D:05k5s,"Cincinnati (Ohio), Private collections, D-05k5s"
,D:06b7w,"Mascouche (Quebec), Private collections, D-06b7w"
,D:06g6c,"New York (USA), Private collections, D-06g6c"
,D:0777g,"Hartford (CT), Private collections, D-0777g"
,D:07e7c,"Connecticut USA, Private collections, D-07e7c"
,D:07lvz,"Connecticut USA, Private collections, D-07lvz"
,D:083py,"Oxford (UK), Private collections, D-083py"
,D:08kfm,"Los Angeles, Private Collection, D-08kfm"
,D:0ak7n,"Los Angeles, Private Collection, D-0ak7n"
,D:0b3z1,"Connecticut USA, Private collections, D-0b3z1"
,D:0bz05,"Austin (USA), Private Collection, D-0bz05"
,D:0c7q2,"Los Angeles, Private Collection, D-0c7q2"
,D:0dex0,"Montreal (Quebec), Private collections, D-0dex0"
,D:0e330,"Oakland (California), Private collections, D-0e330"
,D:0e78r,"Connecticut USA, Private collections, D-0e78r"
,D:0egev,"Porto Alegre (Brazil), Private collections, D-0egev"
,D:0eqhg,"Bristol (UK), Private collections, D-0eqhg"
,D:0es6l,"Victoria (British Columbia), Private collection, D-0es6l"
,D:0f2cr,"Rottenburg (Germany), Private collections, D-0f2cr"
,D:0f4dd,"Connecticut USA, Private collections, D-0f4dd"
,D:0fery,"Salem (New Hampshire), Private collections, D-0fery"
,D:0fmrt,"Oxford (UK), Private collections, D-0fmrt"
,D:0ghwf,"New York (USA), Private collections, D-0ghwf"
,D:0gpiu,"Connecticut USA, Private collections, D-0gpiu"
,D:0iml3,"Villars (France), Private collections, D-0iml3"
,D:0io1s,"California, Private collections, D-0io1s"
,D:0jb34,"Connecticut USA, Private collections, D-0jb34"
,D:0jwc0,"Newcastle (South Africa), Private collections, D-0jwc0)"
,D:0k0iy,"Connecticut USA, Private collections, D-0k0iy"
,D:0kmpp,"New York (USA), Private collections, D-0kmpp"
,D:0ksrz,"Connecticut USA, Private collections, D-0ksrz"
,D:0luvn,"Newcastle (South Africa), Private collections, D-0luvn"
,D:0ly13,"Connecticut USA, Private collections, D-0ly13"
,D:0nhqn,"Ridgefield, Private Collection, D-0nhqn"
,D:0p4kz,"Issaquah (WA), Private collections, D-0p4kz"
,D:0pkms,"Ashland (Oregon), Private collections, D-0pkms"
,D:0poon,"Los Angeles (USA), Private Collection, D-0poon"
,D:0qz8m,"Connecticut USA, Private collections, D-0qz8m"
,D:0r3s1,"Boston (Massachusetts USA), Private collections, D-0r3s1"
,D:0rvs2,"Connecticut USA, Private collections, D-0rvs2"
,D:0ssyi,"Villars, Private Collection, D-0ssyi"
,D:0tczn,"Montague (USA), Private Collection, D-0tczn"
,D:0tgz3,"[Unspecified], Private Collections, D-0tgz3"
,D:0tj87,"Los Angeles, Private Collection, D-0tj87"
,D:0to02,"Seattle (USA), Private Collection, D-0to02"
,D:0u240,"Los Angeles, Private Collection, D-0u240"
,D:0uhiz,"Kitchener (Ontario), Private collections, D:0uhiz"
,D:0ukk4,"Berlin (Germany), Private collections, D-0ukk4"
,D:0v8wt,"Eindhoven (Netherlands), Private collections, D-0v8wt"
,D:0vyii,"Connecticut USA, Private collections, D-0vyii"
,D:0wg82,"Dublin (Ireland), Private collections, D-0wg82"
,D:0wqoo,"Oakland, Private Collection, D-0wqoo"
,D:0x5uo,"Cleveland Heights, Private Collection, D-0x5uo"
,D:0xbns,"Montreal (Quebec), Private collections, D-0xbns"
,D:0xpcp,"California, Private collections, D-0xpcp"
,D:0yp1h,"Connecticut USA, Private collections, D-0yp1h"
,D:0zgch,"Phoenix, Private collections, D-0zgch"
,D:0zkxv,"Dublin (Ireland), Private collections, D-0zkxv"
,D:qev2,"Sydney (Nova Scotia), Private Collections, D-qev2"
,F-1gne,"Nevada, Private collections, F-1gne"
,F-Pa 944,
,F-R 249 (olim A. 280),
,F-nmt3,"Halifax (Nova Scotia), Private Collections, F-nmt3"
,F-rqu3,"California, Private collections, F-rqu3"
,F-tqhx,"sine loco, codices restituti, F-tqhx"
,GB-Cu Additional 710,
,GB-Eu MS 211/IV,
,GB-Ob Rawl. C. 892,
,GB-Ob Rawl. liturg. d. 4,
,GOTTSCHALK,Gottschalk Antiphoner
,IRL-Dm Z.4.2.20,
,IRL-Dtc 109,
,IRL-Dtc 77,
,IRL-Dtc 79,
,IRL-Dtc 80,
,Learning Volpiano Practice Source,"Halifax, Cantus, Learning Volpiano Practice Source"
,Test,"Lucas City (Test Sources Land), Test Sources, Test"
,Test Source IV: Return of the Test Source,"Annapolis  (Test Sources Land),  Test Sources, Test Source IV: Return of the Test Source"
,Unknown Source (Chants),Unknown Source (Chants)
,Unknown Source (Sequences),Unknown Source (Sequences)
